id,A1,A2,A3,A4,A5,A6,A7,A8,A9,A10,C1,C2,C3,C4,C5,C6,C7,C8,C9,C10,T1,T2,T3,T4,T5,T6,T7,T8,T9,T10,A1_freq,A2_freq,A3_freq,A4_freq,A5_freq,A6_freq,A7_freq,A8_freq,A9_freq,A10_freq,C1_perc,C2_perc,C3_perc,C4_perc,C5_perc,C6_perc,C7_perc,C8_perc,C9_perc,C10_perc
003F,12,25-Feb,378,832/2499,2,301833,3,8,123,,1,1,1,1,1.0,1,0.0,1,0.0,,0:10:524/14/2024 13:04,0:07:284/14/2024 13:04,0:09:294/14/2024 13:04,0:21:454/14/2024 13:04,0:41:354/14/2024 13:04,0:32:254/14/2024 13:04,0:49:524/14/2024 13:04,0:49:554/14/2024 13:04,0:49:584/14/2024 13:04,,0.0,0.0,0.0,0.0,0.0,0.0,0.024193548387096774,0.0,0.001652892561983471,0.0,0.5816554809843401,0.5522388059701493,0.5646100116414435,0.5175675675675676,0.2692307692307692,0.32083333333333336,0.0975254730713246,0.32639791937581275,0.0706605222734255,0.2495921696574225
006E,12,25-Feb,378,832/2499,2-Jan,301833,25/4,8,24,1030301/2,1,1,1,1,0.0,1,0.0,1,0.0,1.0,0:01:024/14/2024 13:04,0:09:224/14/2024 13:04,0:10:464/14/2024 13:04,0:26:524/14/2024 13:04,0:49:584/14/2024 13:04,0:39:324/14/2024 13:04,0:42:444/14/2024 13:04,0:12:024/14/2024 13:04,0:49:534/14/2024 13:04,0:13:034/14/2024 13:04,0.0,0.0,0.0,0.0,0.08842105263157894,0.0,0.05,0.0,0.01818181818181818,0.0,0.5816554809843401,0.5522388059701493,0.5646100116414435,0.5175675675675676,0.2692307692307692,0.32083333333333336,0.0975254730713246,0.32639791937581275,0.0706605222734255,0.2495921696574225
023A,12,25-Feb,378,832/2499,2,301833,(4sqrt(30))/5,8,96,1030301/2,1,1,1,1,1.0,1,1.0,1,0.0,1.0,0:02:424/14/2024 13:04,0:03:554/14/2024 13:04,0:07:404/14/2024 13:04,0:11:084/14/2024 13:04,0:17:074/14/2024 13:04,0:25:224/14/2024 13:04,0:48:064/14/2024 13:04,0:27:424/14/2024 13:04,0:49:014/14/2024 13:04,0:37:014/14/2024 13:04,0.0,0.0,0.0,0.0,0.0,0.0,0.0,0.0,0.0049586776859504135,0.0,0.5816554809843401,0.5522388059701493,0.5646100116414435,0.5175675675675676,0.2692307692307692,0.32083333333333336,0.0975254730713246,0.32639791937581275,0.0706605222734255,0.2495921696574225
023C,12,25-Feb,729,832/2499,2,301833,(4sqrt(30))/5,8,,,1,1,0,1,1.0,1,1.0,1,,,0:01:234/14/2024 13:05,0:02:594/14/2024 13:05,0:05:504/14/2024 13:05,0:35:264/14/2024 13:05,0:17:464/14/2024 13:05,0:14:504/14/2024 13:05,0:46:144/14/2024 13:05,0:29:104/14/2024 13:05,,,0.0,0.0,,0.0,0.0,0.0,0.0,0.0,0.0,0.0,0.5816554809843401,0.5522388059701493,0.5646100116414435,0.5175675675675676,0.2692307692307692,0.32083333333333336,0.0975254730713246,0.32639791937581275,0.0706605222734255,0.2495921696574225
023H,12,25-Feb,378,832/2499,2,301833,,8,29,1030301/2,1,1,1,1,1.0,1,,1,1.0,1.0,0:01:384/14/2024 13:04,0:05:354/14/2024 13:04,0:07:114/14/2024 13:04,0:10:554/14/2024 13:04,0:14:554/14/2024 13:04,0:28:254/14/2024 13:04,0:27:404/14/2024 13:04,0:25:334/14/2024 13:04,0:35:244/14/2024 13:04,0:36:524/14/2024 13:04,0.0,0.0,0.0,0.0,0.0,0.0,0.0,0.0,0.0,0.0,0.5816554809843401,0.5522388059701493,0.5646100116414435,0.5175675675675676,0.2692307692307692,0.32083333333333336,0.0975254730713246,0.32639791937581275,0.0706605222734255,0.2495921696574225
025F,12,25-Feb,378,832/2499,2,301833,5,8,31,1030301/2,1,1,1,1,1.0,1,0.0,1,0.0,1.0,0:03:544/14/2024 13:04,0:18:404/14/2024 13:04,0:07:234/14/2024 13:04,0:10:154/14/2024 13:04,0:40:344/14/2024 13:04,0:32:444/14/2024 13:04,0:47:274/14/2024 13:04,0:26:124/14/2024 13:04,0:49:004/14/2024 13:04,0:49:124/14/2024 13:04,0.0,0.0,0.0,0.0,0.0,0.0,0.04838709677419355,0.0,0.001652892561983471,0.0,0.5816554809843401,0.5522388059701493,0.5646100116414435,0.5175675675675676,0.2692307692307692,0.32083333333333336,0.0975254730713246,0.32639791937581275,0.0706605222734255,0.2495921696574225
026D,12,25-Feb,378,832/2499,2,301833,4/5*sqrt(30),8,28,515150.5,1,1,1,1,1.0,1,1.0,1,0.0,1.0,0:42:524/14/2024 13:05,0:06:464/14/2024 13:05,0:15:034/14/2024 13:05,0:17:014/14/2024 13:05,0:20:284/14/2024 13:05,0:26:174/14/2024 13:05,0:27:084/14/2024 13:05,0:46:464/14/2024 13:05,0:43:554/14/2024 13:05,0:44:554/14/2024 13:05,0.0,0.0,0.0,0.0,0.0,0.0,0.0,0.0,0.008264462809917356,0.0,0.5816554809843401,0.5522388059701493,0.5646100116414435,0.5175675675675676,0.2692307692307692,0.32083333333333336,0.0975254730713246,0.32639791937581275,0.0706605222734255,0.2495921696574225
026E,6,25-Feb,-378,832/2499,2,301833,4sqrt30/5,8,28,515150.5,0,1,0,1,1.0,1,1.0,1,0.0,1.0,0:32:294/14/2024 13:13,0:08:594/14/2024 13:13,0:30:414/14/2024 13:13,0:18:354/14/2024 13:13,0:27:234/14/2024 13:13,0:30:064/14/2024 13:13,0:29:424/14/2024 13:13,0:43:574/14/2024 13:13,0:35:184/14/2024 13:13,0:41:494/14/2024 13:13,,0.0,,0.0,0.0,0.0,0.0,0.0,0.008264462809917356,0.0,0.5816554809843401,0.5522388059701493,0.5646100116414435,0.5175675675675676,0.2692307692307692,0.32083333333333336,0.0975254730713246,0.32639791937581275,0.0706605222734255,0.2495921696574225
033B,12,25-Feb,378,832/2499,2,301833,12sqrt(26)/13,4,29,515150.5,1,1,1,1,1.0,1,0.0,0,1.0,1.0,0:11:564/14/2024 13:04,0:21:064/14/2024 13:04,0:06:294/14/2024 13:04,0:21:064/14/2024 13:04,0:21:064/14/2024 13:04,0:21:064/14/2024 13:04,0:21:064/14/2024 13:04,0:33:204/14/2024 13:04,0:21:064/14/2024 13:04,0:21:074/14/2024 13:04,0.0,0.0,0.0,0.0,0.0,0.0,0.0016129032258064516,,0.0,0.0,0.5816554809843401,0.5522388059701493,0.5646100116414435,0.5175675675675676,0.2692307692307692,0.32083333333333336,0.0975254730713246,0.32639791937581275,0.0706605222734255,0.2495921696574225
033E,12,25-Feb,378,832/2499,2,301833,25/576,8,93,5050,1,1,1,1,1.0,1,0.0,1,0.0,0.0,0:38:064/14/2024 13:04,0:02:174/14/2024 13:04,0:06:064/14/2024 13:04,0:44:454/14/2024 13:04,0:13:244/14/2024 13:04,0:46:534/14/2024 13:04,0:16:564/14/2024 13:04,0:19:304/14/2024 13:04,0:37:044/14/2024 13:04,0:49:434/14/2024 13:04,0.0,0.0,0.0,0.0,0.0,0.0,0.0016129032258064516,0.0,0.001652892561983471,0.01956521739130435,0.5816554809843401,0.5522388059701493,0.5646100116414435,0.5175675675675676,0.2692307692307692,0.32083333333333336,0.0975254730713246,0.32639791937581275,0.0706605222734255,0.2495921696574225
033G,12,25-Feb,378,832/2499,2,301833,,8,,,1,1,1,1,1.0,1,,1,,,0:13:094/14/2024 13:05,0:13:154/14/2024 13:05,0:13:084/14/2024 13:05,0:17:114/14/2024 13:05,0:46:084/14/2024 13:05,0:25:204/14/2024 13:05,0:48:044/14/2024 13:05,0:46:314/14/2024 13:05,,0:43:344/14/2024 13:05,0.0,0.0,0.0,0.0,0.0,0.0,0.0,0.0,0.0,0.0,0.5816554809843401,0.5522388059701493,0.5646100116414435,0.5175675675675676,0.2692307692307692,0.32083333333333336,0.0975254730713246,0.32639791937581275,0.0706605222734255,0.2495921696574225
033H,12,25-Feb,378,832/2499,2,301833,,8,,,1,1,1,1,1.0,1,,1,,,0:02:264/14/2024 13:05,0:16:304/14/2024 13:05,0:14:254/14/2024 13:05,0:46:544/14/2024 13:05,0:43:474/14/2024 13:05,0:48:574/14/2024 13:05,,0:49:014/14/2024 13:05,,,0.0,0.0,0.0,0.0,0.0,0.0,0.0,0.0,0.0,0.0,0.5816554809843401,0.5522388059701493,0.5646100116414435,0.5175675675675676,0.2692307692307692,0.32083333333333336,0.0975254730713246,0.32639791937581275,0.0706605222734255,0.2495921696574225
034A,12,25-Feb,378,832/2499,2,301833,12sqrt26 / 13,4,29,1030301/2,1,1,1,1,1.0,1,0.0,0,1.0,1.0,0:17:354/14/2024 13:05,0:20:374/14/2024 13:05,0:20:414/14/2024 13:05,0:09:134/14/2024 13:05,0:09:164/14/2024 13:05,0:09:234/14/2024 13:05,0:13:524/14/2024 13:05,0:48:454/14/2024 13:05,0:14:364/14/2024 13:05,0:25:094/14/2024 13:05,0.0,0.0,0.0,0.0,0.0,0.0,0.0016129032258064516,,0.0,0.0,0.5816554809843401,0.5522388059701493,0.5646100116414435,0.5175675675675676,0.2692307692307692,0.32083333333333336,0.0975254730713246,0.32639791937581275,0.0706605222734255,0.2495921696574225
034H,12,5-Jun,378,832/2499,2,301833,(4sqrt{30})/5,8,29,1030301/2,1,0,1,1,1.0,1,1.0,1,1.0,1.0,0:01:104/14/2024 13:05,0:02:254/14/2024 13:05,0:03:504/14/2024 13:05,0:06:434/14/2024 13:05,0:35:264/14/2024 13:05,0:36:464/14/2024 13:05,0:11:024/14/2024 13:05,0:13:304/14/2024 13:05,0:37:264/14/2024 13:05,0:23:454/14/2024 13:05,0.0,0.011111111111111112,0.0,0.0,0.0,0.0,0.0,0.0,0.0,0.0,0.5816554809843401,0.5522388059701493,0.5646100116414435,0.5175675675675676,0.2692307692307692,0.32083333333333336,0.0975254730713246,0.32639791937581275,0.0706605222734255,0.2495921696574225
057D,12,25-Feb,378,832/2499,,301833,{4\sqrt30}/5,8,,,1,1,1,1,,1,1.0,1,,,0:04:004/14/2024 13:04,0:17:494/14/2024 13:04,0:34:094/14/2024 13:04,0:08:594/14/2024 13:04,0:39:104/14/2024 13:04,0:25:144/14/2024 13:04,0:41:214/14/2024 13:04,0:38:254/14/2024 13:04,0:47:324/14/2024 13:04,,0.0,0.0,0.0,0.0,0.0,0.0,0.0,0.0,0.0,0.0,0.5816554809843401,0.5522388059701493,0.5646100116414435,0.5175675675675676,0.2692307692307692,0.32083333333333336,0.0975254730713246,0.32639791937581275,0.0706605222734255,0.2495921696574225
074A,12,25-Feb,378,832/2499,2,300833,(4sqrt30)/5,8,64,1030301/2,1,1,1,1,1.0,0,1.0,1,0.0,1.0,0:03:174/14/2024 13:04,0:37:484/14/2024 13:04,0:07:504/14/2024 13:04,0:08:184/14/2024 13:04,0:46:424/14/2024 13:04,0:07:484/14/2024 13:04,0:38:054/14/2024 13:04,0:38:084/14/2024 13:04,0:38:114/14/2024 13:04,0:15:114/14/2024 13:04,0.0,0.0,0.0,0.0,0.0,,0.0,0.0,0.09586776859504133,0.0,0.5816554809843401,0.5522388059701493,0.5646100116414435,0.5175675675675676,0.2692307692307692,0.32083333333333336,0.0975254730713246,0.32639791937581275,0.0706605222734255,0.2495921696574225
074C,12,25-Feb,378,832/2499,sqrt3/3,300833,(4sqrt30)/5,8,64,1030301/2,1,1,1,1,0.0,0,1.0,1,0.0,1.0,0:06:034/14/2024 13:04,0:09:344/14/2024 13:04,0:08:004/14/2024 13:04,0:09:324/14/2024 13:04,0:49:554/14/2024 13:04,0:36:584/14/2024 13:04,0:37:164/14/2024 13:04,0:12:334/14/2024 13:04,0:21:054/14/2024 13:04,0:11:494/14/2024 13:04,0.0,0.0,0.0,0.0,0.004210526315789474,,0.0,0.0,0.09586776859504133,0.0,0.5816554809843401,0.5522388059701493,0.5646100116414435,0.5175675675675676,0.2692307692307692,0.32083333333333336,0.0975254730713246,0.32639791937581275,0.0706605222734255,0.2495921696574225
074D,12,25-Feb,378,832/2499,-1,300833,(4sqrt30)/5,8,64,101^3/2,1,1,1,1,0.0,0,1.0,1,0.0,1.0,0:02:074/14/2024 13:05,0:19:504/14/2024 13:05,0:03:564/14/2024 13:05,0:12:024/14/2024 13:05,0:49:234/14/2024 13:05,0:21:034/14/2024 13:05,0:37:264/14/2024 13:05,0:12:444/14/2024 13:05,0:36:404/14/2024 13:05,0:18:214/14/2024 13:05,0.0,0.0,0.0,0.0,0.02736842105263158,,0.0,0.0,0.09586776859504133,0.0,0.5816554809843401,0.5522388059701493,0.5646100116414435,0.5175675675675676,0.2692307692307692,0.32083333333333336,0.0975254730713246,0.32639791937581275,0.0706605222734255,0.2495921696574225
074F,12,25-Feb,378,832/2499,1,300833,(4sqrt30)/5,8,64,1030301/2,1,1,1,1,0.0,0,1.0,1,0.0,1.0,0:04:354/14/2024 13:04,0:09:204/14/2024 13:04,0:07:084/14/2024 13:04,0:09:094/14/2024 13:04,0:38:064/14/2024 13:04,0:19:194/14/2024 13:04,0:38:014/14/2024 13:04,0:12:274/14/2024 13:04,0:42:504/14/2024 13:04,0:43:114/14/2024 13:04,0.0,0.0,0.0,0.0,0.18526315789473685,,0.0,0.0,0.09586776859504133,0.0,0.5816554809843401,0.5522388059701493,0.5646100116414435,0.5175675675675676,0.2692307692307692,0.32083333333333336,0.0975254730713246,0.32639791937581275,0.0706605222734255,0.2495921696574225
074G,12,25-Feb,378,832/2499,1,300383,(4sqrt(30))/5,8,64,1030301/2,1,1,1,1,0.0,0,1.0,1,0.0,1.0,0:01:324/14/2024 13:04,0:20:324/14/2024 13:04,0:03:574/14/2024 13:04,0:20:564/14/2024 13:04,0:49:034/14/2024 13:04,0:24:024/14/2024 13:04,0:37:214/14/2024 13:04,0:13:294/14/2024 13:04,0:21:024/14/2024 13:04,0:16:194/14/2024 13:04,0.0,0.0,0.0,0.0,0.18526315789473685,,0.0,0.0,0.09586776859504133,0.0,0.5816554809843401,0.5522388059701493,0.5646100116414435,0.5175675675675676,0.2692307692307692,0.32083333333333336,0.0975254730713246,0.32639791937581275,0.0706605222734255,0.2495921696574225
074H,12,25-Feb,378,832/2499,1,300833,(4sqrt(30))/5,8,64,\frac{1030301}{2},1,1,1,1,0.0,0,1.0,1,0.0,1.0,0:03:444/14/2024 13:04,0:09:254/14/2024 13:04,0:12:334/14/2024 13:04,0:14:564/14/2024 13:04,0:46:264/14/2024 13:04,0:45:064/14/2024 13:04,0:37:364/14/2024 13:04,0:36:574/14/2024 13:04,0:21:064/14/2024 13:04,0:21:234/14/2024 13:04,0.0,0.0,0.0,0.0,0.18526315789473685,,0.0,0.0,0.09586776859504133,0.0,0.5816554809843401,0.5522388059701493,0.5646100116414435,0.5175675675675676,0.2692307692307692,0.32083333333333336,0.0975254730713246,0.32639791937581275,0.0706605222734255,0.2495921696574225
075A,12,25-Feb,378,832/2499,sqrt6+sqrt2,301833,(4*sqrt30)/5,48,29,1030301/2,1,1,1,1,0.0,1,1.0,0,1.0,1.0,0:02:534/14/2024 13:04,0:04:024/14/2024 13:04,0:05:394/14/2024 13:04,0:07:254/14/2024 13:04,0:46:144/14/2024 13:04,0:12:294/14/2024 13:04,0:16:154/14/2024 13:04,0:47:524/14/2024 13:04,0:48:414/14/2024 13:04,0:45:374/14/2024 13:04,0.0,0.0,0.0,0.0,0.002105263157894737,0.0,0.0,,0.0,0.0,0.5816554809843401,0.5522388059701493,0.5646100116414435,0.5175675675675676,0.2692307692307692,0.32083333333333336,0.0975254730713246,0.32639791937581275,0.0706605222734255,0.2495921696574225
083B,12,25-Feb,378,832/2499,2,301833,sqrt(30)/3,8,16,201,1,1,1,1,1.0,1,0.0,1,0.0,0.0,0:03:324/14/2024 13:04,0:04:264/14/2024 13:04,0:06:244/14/2024 13:04,0:08:244/14/2024 13:04,0:09:344/14/2024 13:04,0:49:204/14/2024 13:04,0:47:284/14/2024 13:04,0:19:404/14/2024 13:04,0:42:294/14/2024 13:04,0:48:394/14/2024 13:04,0.0,0.0,0.0,0.0,0.0,0.0,0.0016129032258064516,0.0,0.03471074380165289,0.002173913043478261,0.5816554809843401,0.5522388059701493,0.5646100116414435,0.5175675675675676,0.2692307692307692,0.32083333333333336,0.0975254730713246,0.32639791937581275,0.0706605222734255,0.2495921696574225
103B,12,25-Feb,378,832/2499,2,301833,-24,8,,1030301/2,1,1,1,1,1.0,1,0.0,1,,1.0,0:09:024/14/2024 13:04,0:15:064/14/2024 13:04,0:09:464/14/2024 13:04,0:15:154/14/2024 13:04,0:20:374/14/2024 13:04,0:29:354/14/2024 13:04,0:34:314/14/2024 13:04,0:48:074/14/2024 13:04,,0:48:434/14/2024 13:04,0.0,0.0,0.0,0.0,0.0,0.0,0.03870967741935484,0.0,0.0,0.0,0.5816554809843401,0.5522388059701493,0.5646100116414435,0.5175675675675676,0.2692307692307692,0.32083333333333336,0.0975254730713246,0.32639791937581275,0.0706605222734255,0.2495921696574225
103D,12,25-Feb,378,832/2499,2,301833,-24,8,29,1030301,1,1,1,1,1.0,1,0.0,1,1.0,0.0,0:05:184/14/2024 13:04,0:09:364/14/2024 13:04,0:12:284/14/2024 13:04,0:12:304/14/2024 13:04,0:15:114/14/2024 13:04,0:18:304/14/2024 13:04,0:29:404/14/2024 13:04,0:29:424/14/2024 13:04,0:49:494/14/2024 13:04,0:49:524/14/2024 13:04,0.0,0.0,0.0,0.0,0.0,0.0,0.03870967741935484,0.0,0.0,0.006521739130434782,0.5816554809843401,0.5522388059701493,0.5646100116414435,0.5175675675675676,0.2692307692307692,0.32083333333333336,0.0975254730713246,0.32639791937581275,0.0706605222734255,0.2495921696574225
111F,12,25-Feb,378,832/2499,2,300832,(4sqrt30)/5,8,512,200,1,1,1,1,1.0,0,1.0,1,0.0,0.0,0:01:234/14/2024 13:04,0:39:164/14/2024 13:04,0:41:264/14/2024 13:04,0:16:064/14/2024 13:04,0:19:514/14/2024 13:04,0:23:034/14/2024 13:04,0:45:014/14/2024 13:04,0:49:164/14/2024 13:04,0:49:584/14/2024 13:04,0:49:244/14/2024 13:04,0.0,0.0,0.0,0.0,0.0,,0.0,0.0,0.009917355371900827,0.004347826086956522,0.5816554809843401,0.5522388059701493,0.5646100116414435,0.5175675675675676,0.2692307692307692,0.32083333333333336,0.0975254730713246,0.32639791937581275,0.0706605222734255,0.2495921696574225
114F,12,25-Feb,378,832/2499,2,301833,6,8,21,10201/2,1,1,1,1,1.0,1,0.0,1,0.0,0.0,0:34:014/14/2024 13:04,0:35:374/14/2024 13:04,0:11:464/14/2024 13:04,0:13:484/14/2024 13:04,0:15:434/14/2024 13:04,0:44:014/14/2024 13:04,0:20:544/14/2024 13:04,0:24:144/14/2024 13:04,0:26:424/14/2024 13:04,0:41:154/14/2024 13:04,0.0,0.0,0.0,0.0,0.0,0.0,0.18387096774193548,0.0,0.07107438016528926,0.015217391304347827,0.5816554809843401,0.5522388059701493,0.5646100116414435,0.5175675675675676,0.2692307692307692,0.32083333333333336,0.0975254730713246,0.32639791937581275,0.0706605222734255,0.2495921696574225
116C,12,25-Feb,378,832/2499,-2,301833,,8,,101^3/2,1,1,1,1,0.0,1,,1,,1.0,0:03:444/14/2024 13:04,0:18:334/14/2024 13:04,0:08:594/14/2024 13:04,0:11:344/14/2024 13:04,0:22:314/14/2024 13:04,0:27:124/14/2024 13:04,0:41:284/14/2024 13:04,0:34:464/14/2024 13:04,,0:49:524/14/2024 13:04,0.0,0.0,0.0,0.0,0.042105263157894736,0.0,0.0,0.0,0.0,0.0,0.5816554809843401,0.5522388059701493,0.5646100116414435,0.5175675675675676,0.2692307692307692,0.32083333333333336,0.0975254730713246,0.32639791937581275,0.0706605222734255,0.2495921696574225
117A,12,25-Feb,378,832/2499,2,301833,4\sqrt{30}/5,4,29,515150.5,1,1,1,1,1.0,1,1.0,0,1.0,1.0,0:05:284/14/2024 13:04,0:46:534/14/2024 13:04,0:33:444/14/2024 13:04,0:47:144/14/2024 13:04,0:47:194/14/2024 13:04,0:47:244/14/2024 13:04,0:47:294/14/2024 13:04,0:48:174/14/2024 13:04,0:40:394/14/2024 13:04,0:24:444/14/2024 13:04,0.0,0.0,0.0,0.0,0.0,0.0,0.0,,0.0,0.0,0.5816554809843401,0.5522388059701493,0.5646100116414435,0.5175675675675676,0.2692307692307692,0.32083333333333336,0.0975254730713246,0.32639791937581275,0.0706605222734255,0.2495921696574225
126B,12,25-Feb,378,832/2499,2,301833,4\sqrt{30}/5,4,,36001/2,1,1,1,1,1.0,1,1.0,0,,0.0,0:44:574/14/2024 13:07,0:45:074/14/2024 13:07,0:28:454/14/2024 13:07,0:28:404/14/2024 13:07,0:45:094/14/2024 13:07,0:45:234/14/2024 13:07,0:46:034/14/2024 13:07,0:43:464/14/2024 13:07,0:44:374/14/2024 13:07,0:43:454/14/2024 13:07,0.0,0.0,0.0,0.0,0.0,0.0,0.0,,0.0,0.002173913043478261,0.5816554809843401,0.5522388059701493,0.5646100116414435,0.5175675675675676,0.2692307692307692,0.32083333333333336,0.0975254730713246,0.32639791937581275,0.0706605222734255,0.2495921696574225
133H,12,25-Feb,378,832/2499,2,301833,(4sqrt30)/5,4,29,2^101,1,1,1,1,1.0,1,1.0,0,1.0,0.0,0:03:294/14/2024 13:04,0:05:314/14/2024 13:04,0:08:564/14/2024 13:04,0:10:524/14/2024 13:04,0:20:024/14/2024 13:04,0:28:394/14/2024 13:04,0:35:014/14/2024 13:04,0:37:584/14/2024 13:04,0:44:124/14/2024 13:04,0:47:264/14/2024 13:04,0.0,0.0,0.0,0.0,0.0,0.0,0.0,,0.0,0.004347826086956522,0.5816554809843401,0.5522388059701493,0.5646100116414435,0.5175675675675676,0.2692307692307692,0.32083333333333336,0.0975254730713246,0.32639791937581275,0.0706605222734255,0.2495921696574225
147B,12,25-Feb,378,832/2499,-2,301833,,8,29,,1,1,1,1,0.0,1,,1,1.0,,0:02:234/14/2024 13:04,0:06:234/14/2024 13:04,0:11:204/14/2024 13:04,0:16:074/14/2024 13:04,0:22:294/14/2024 13:04,0:24:564/14/2024 13:04,0:35:184/14/2024 13:04,0:44:144/14/2024 13:04,0:40:324/14/2024 13:04,,0.0,0.0,0.0,0.0,0.042105263157894736,0.0,0.0,0.0,0.0,0.0,0.5816554809843401,0.5522388059701493,0.5646100116414435,0.5175675675675676,0.2692307692307692,0.32083333333333336,0.0975254730713246,0.32639791937581275,0.0706605222734255,0.2495921696574225
152D,12,25-Feb,378,832/2499,2,301833,(4sqrt(30))/5,4,64,1030301,1,1,1,1,1.0,1,1.0,0,0.0,0.0,0:01:384/14/2024 13:04,0:02:494/14/2024 13:04,0:04:394/14/2024 13:04,0:13:494/14/2024 13:04,0:28:034/14/2024 13:04,0:46:174/14/2024 13:04,0:35:214/14/2024 13:04,0:42:524/14/2024 13:04,0:48:564/14/2024 13:04,0:48:294/14/2024 13:04,0.0,0.0,0.0,0.0,0.0,0.0,0.0,,0.09586776859504133,0.006521739130434782,0.5816554809843401,0.5522388059701493,0.5646100116414435,0.5175675675675676,0.2692307692307692,0.32083333333333336,0.0975254730713246,0.32639791937581275,0.0706605222734255,0.2495921696574225
165D,12,25-Feb,729,832/2499,2,301833,5,8,,\frac{1030301}{2},1,1,0,1,1.0,1,0.0,1,,1.0,0:01:164/14/2024 13:04,0:05:364/14/2024 13:04,0:05:394/14/2024 13:04,0:15:144/14/2024 13:04,0:15:164/14/2024 13:04,0:28:134/14/2024 13:04,0:37:464/14/2024 13:04,0:28:074/14/2024 13:04,,0:48:174/14/2024 13:04,0.0,0.0,,0.0,0.0,0.0,0.04838709677419355,0.0,0.0,0.0,0.5816554809843401,0.5522388059701493,0.5646100116414435,0.5175675675675676,0.2692307692307692,0.32083333333333336,0.0975254730713246,0.32639791937581275,0.0706605222734255,0.2495921696574225
167E,12,0.08,378,832/2499,,301833,sqrt820,8,,515150.5,1,1,1,1,,1,0.0,1,,1.0,0:02:574/14/2024 13:04,0:41:264/14/2024 13:04,0:05:514/14/2024 13:04,0:14:354/14/2024 13:04,,0:20:324/14/2024 13:04,0:34:484/14/2024 13:04,0:24:044/14/2024 13:04,,0:27:094/14/2024 13:04,0.0,0.0,0.0,0.0,0.0,0.0,0.004838709677419355,0.0,0.0,0.0,0.5816554809843401,0.5522388059701493,0.5646100116414435,0.5175675675675676,0.2692307692307692,0.32083333333333336,0.0975254730713246,0.32639791937581275,0.0706605222734255,0.2495921696574225
170C,12,25-Feb,378,832/2499,2-Jan,301833,4sqrt30/5,8,29,515150.5,1,1,1,1,0.0,1,1.0,1,1.0,1.0,0:05:554/14/2024 13:04,0:05:584/14/2024 13:04,0:15:434/14/2024 13:04,0:20:184/14/2024 13:04,0:20:214/14/2024 13:04,0:26:324/14/2024 13:04,0:38:334/14/2024 13:04,0:34:294/14/2024 13:04,0:48:444/14/2024 13:04,0:49:094/14/2024 13:04,0.0,0.0,0.0,0.0,0.08842105263157894,0.0,0.0,0.0,0.0,0.0,0.5816554809843401,0.5522388059701493,0.5646100116414435,0.5175675675675676,0.2692307692307692,0.32083333333333336,0.0975254730713246,0.32639791937581275,0.0706605222734255,0.2495921696574225
171E,12,25-Feb,378,832/2499,2,301833,5-Dec,8,29,,1,1,1,1,1.0,1,0.0,1,1.0,,0:03:214/14/2024 13:04,0:04:154/14/2024 13:04,0:11:124/14/2024 13:04,0:13:254/14/2024 13:04,0:18:244/14/2024 13:04,0:21:564/14/2024 13:04,0:49:064/14/2024 13:04,0:42:064/14/2024 13:04,0:33:354/14/2024 13:04,,0.0,0.0,0.0,0.0,0.0,0.0,0.0032258064516129032,0.0,0.0,0.0,0.5816554809843401,0.5522388059701493,0.5646100116414435,0.5175675675675676,0.2692307692307692,0.32083333333333336,0.0975254730713246,0.32639791937581275,0.0706605222734255,0.2495921696574225
173C,12,25-Feb,378,832/2499,2,301833,12,4,29,,1,1,1,1,1.0,1,0.0,0,1.0,,0:46:044/14/2024 13:05,0:46:124/14/2024 13:05,0:46:294/14/2024 13:05,0:46:394/14/2024 13:05,0:47:104/14/2024 13:05,0:47:194/14/2024 13:05,0:48:184/14/2024 13:05,0:48:294/14/2024 13:05,0:49:314/14/2024 13:05,,0.0,0.0,0.0,0.0,0.0,0.0,0.02258064516129032,,0.0,0.0,0.5816554809843401,0.5522388059701493,0.5646100116414435,0.5175675675675676,0.2692307692307692,0.32083333333333336,0.0975254730713246,0.32639791937581275,0.0706605222734255,0.2495921696574225
177C,12,25-Feb,378,832/2499,(xy)/(x-y),301833,4sqrt(30)/5,8,20,1030301/2,1,1,1,1,0.0,1,1.0,1,0.0,1.0,0:02:184/14/2024 13:05,0:15:244/14/2024 13:05,0:04:364/14/2024 13:05,0:03:114/14/2024 13:05,0:49:294/14/2024 13:05,0:37:184/14/2024 13:05,0:43:164/14/2024 13:05,0:33:024/14/2024 13:05,0:49:054/14/2024 13:05,0:46:494/14/2024 13:05,0.0,0.0,0.0,0.0,0.002105263157894737,0.0,0.0,0.0,0.0049586776859504135,0.0,0.5816554809843401,0.5522388059701493,0.5646100116414435,0.5175675675675676,0.2692307692307692,0.32083333333333336,0.0975254730713246,0.32639791937581275,0.0706605222734255,0.2495921696574225
177G,12,25-Feb,378,832/2499,2,301833,\frac{4\sqrt{30}}{5},4,8,1,1,1,1,1,1.0,1,1.0,0,0.0,0.0,0:05:104/14/2024 13:06,0:16:004/14/2024 13:06,0:13:064/14/2024 13:06,0:25:524/14/2024 13:06,0:46:304/14/2024 13:06,0:26:364/14/2024 13:06,0:46:064/14/2024 13:06,0:46:344/14/2024 13:06,0:46:474/14/2024 13:06,0:46:494/14/2024 13:06,0.0,0.0,0.0,0.0,0.0,0.0,0.0,,0.03636363636363636,0.10217391304347827,0.5816554809843401,0.5522388059701493,0.5646100116414435,0.5175675675675676,0.2692307692307692,0.32083333333333336,0.0975254730713246,0.32639791937581275,0.0706605222734255,0.2495921696574225
197D,12,25-Feb,378,832/2499,2,301833,-24,8,37,4,1,1,1,1,1.0,1,0.0,1,0.0,0.0,0:03:094/14/2024 13:04,0:04:564/14/2024 13:04,0:48:264/14/2024 13:04,0:09:374/14/2024 13:04,0:22:424/14/2024 13:04,0:33:274/14/2024 13:04,0:43:254/14/2024 13:04,0:38:474/14/2024 13:04,0:48:074/14/2024 13:04,0:46:244/14/2024 13:04,0.0,0.0,0.0,0.0,0.0,0.0,0.03870967741935484,0.0,0.003305785123966942,0.008695652173913044,0.5816554809843401,0.5522388059701493,0.5646100116414435,0.5175675675675676,0.2692307692307692,0.32083333333333336,0.0975254730713246,0.32639791937581275,0.0706605222734255,0.2495921696574225
205C,12,25-Feb,378,832/2499,-0.5,301833,4/5sqrt30,8,103,101/2,1,1,1,1,0.0,1,1.0,1,0.0,0.0,0:03:434/14/2024 13:04,0:09:484/14/2024 13:04,0:45:474/14/2024 13:04,0:19:574/14/2024 13:04,0:48:354/14/2024 13:04,0:27:074/14/2024 13:04,0:47:404/14/2024 13:04,0:28:414/14/2024 13:04,0:48:494/14/2024 13:04,0:46:174/14/2024 13:04,0.0,0.0,0.0,0.0,0.018947368421052633,0.0,0.0,0.0,0.001652892561983471,0.021739130434782608,0.5816554809843401,0.5522388059701493,0.5646100116414435,0.5175675675675676,0.2692307692307692,0.32083333333333336,0.0975254730713246,0.32639791937581275,0.0706605222734255,0.2495921696574225
205F,12,25-Feb,378,832/2499,2,301833,(4sqrt30)/5,16,,1030301/2,1,1,1,1,1.0,1,1.0,0,,1.0,0:04:384/14/2024 13:04,0:09:374/14/2024 13:04,0:09:594/14/2024 13:04,0:44:424/14/2024 13:04,0:17:224/14/2024 13:04,0:23:474/14/2024 13:04,0:35:424/14/2024 13:04,0:38:094/14/2024 13:04,0:43:154/14/2024 13:04,0:42:544/14/2024 13:04,0.0,0.0,0.0,0.0,0.0,0.0,0.0,,0.0,0.0,0.5816554809843401,0.5522388059701493,0.5646100116414435,0.5175675675675676,0.2692307692307692,0.32083333333333336,0.0975254730713246,0.32639791937581275,0.0706605222734255,0.2495921696574225
205G,12,25-Feb,378,832/2499,2,301833,4sqrt30/5,8,,101/2,1,1,1,1,1.0,1,1.0,1,,0.0,0:43:134/14/2024 13:05,0:02:544/14/2024 13:05,0:05:144/14/2024 13:05,0:06:174/14/2024 13:05,0:49:354/14/2024 13:05,0:35:574/14/2024 13:05,0:24:384/14/2024 13:05,0:44:004/14/2024 13:05,0:45:034/14/2024 13:05,0:43:554/14/2024 13:05,0.0,0.0,0.0,0.0,0.0,0.0,0.0,0.0,0.0,0.021739130434782608,0.5816554809843401,0.5522388059701493,0.5646100116414435,0.5175675675675676,0.2692307692307692,0.32083333333333336,0.0975254730713246,0.32639791937581275,0.0706605222734255,0.2495921696574225
210C,12,25-Feb,378,1664/2499,2,301833,(4sqrt(30))/5,8,29,40804/3,1,1,1,0,1.0,1,1.0,1,1.0,0.0,0:02:224/14/2024 13:05,0:03:584/14/2024 13:05,0:06:294/14/2024 13:05,0:12:234/14/2024 13:05,0:13:384/14/2024 13:05,0:16:564/14/2024 13:05,0:31:564/14/2024 13:05,0:25:374/14/2024 13:05,0:35:154/14/2024 13:05,0:49:554/14/2024 13:05,0.0,0.0,0.0,0.022408963585434174,0.0,0.0,0.0,0.0,0.0,0.002173913043478261,0.5816554809843401,0.5522388059701493,0.5646100116414435,0.5175675675675676,0.2692307692307692,0.32083333333333336,0.0975254730713246,0.32639791937581275,0.0706605222734255,0.2495921696574225
236F,12,25-Feb,378,832/2499,2,301833,(4sqrt(30))/5,16,16,1030301/2,1,1,1,1,1.0,1,1.0,0,0.0,1.0,0:01:224/14/2024 13:05,0:43:064/14/2024 13:05,0:12:184/14/2024 13:05,0:10:124/14/2024 13:05,0:43:074/14/2024 13:05,0:22:024/14/2024 13:05,0:26:584/14/2024 13:05,0:29:484/14/2024 13:05,0:48:174/14/2024 13:05,0:33:054/14/2024 13:05,0.0,0.0,0.0,0.0,0.0,0.0,0.0,,0.03471074380165289,0.0,0.5816554809843401,0.5522388059701493,0.5646100116414435,0.5175675675675676,0.2692307692307692,0.32083333333333336,0.0975254730713246,0.32639791937581275,0.0706605222734255,0.2495921696574225
236H,12,25-Feb,378,832/2499,2,301833,(4sqrt(30))/5,16,32,,1,1,1,1,1.0,1,1.0,0,0.0,,0:02:224/14/2024 13:04,0:04:194/14/2024 13:04,0:12:194/14/2024 13:04,0:15:304/14/2024 13:04,0:18:254/14/2024 13:04,0:26:494/14/2024 13:04,0:38:194/14/2024 13:04,0:38:424/14/2024 13:04,0:49:524/14/2024 13:04,,0.0,0.0,0.0,0.0,0.0,0.0,0.0,,0.03636363636363636,0.0,0.5816554809843401,0.5522388059701493,0.5646100116414435,0.5175675675675676,0.2692307692307692,0.32083333333333336,0.0975254730713246,0.32639791937581275,0.0706605222734255,0.2495921696574225
241F,12,25-Feb,378,832/2499,x^2y^2,301833,4sqrt(30)/5,8,9,10,1,1,1,1,0.0,1,1.0,1,0.0,0.0,0:45:104/14/2024 13:05,0:45:144/14/2024 13:05,0:45:194/14/2024 13:05,0:45:264/14/2024 13:05,0:49:304/14/2024 13:05,0:46:484/14/2024 13:05,0:46:564/14/2024 13:05,0:46:584/14/2024 13:05,0:49:124/14/2024 13:05,0:49:594/14/2024 13:05,0.0,0.0,0.0,0.0,0.002105263157894737,0.0,0.0,0.0,0.011570247933884297,0.01956521739130435,0.5816554809843401,0.5522388059701493,0.5646100116414435,0.5175675675675676,0.2692307692307692,0.32083333333333336,0.0975254730713246,0.32639791937581275,0.0706605222734255,0.2495921696574225
244A,3,25-Feb,378,832/2499,2,301833,(4sqrt(30))/5,8,29,1030301,0,1,1,1,1.0,1,1.0,1,1.0,0.0,0:00:564/14/2024 13:04,0:02:084/14/2024 13:04,0:04:154/14/2024 13:04,0:30:144/14/2024 13:04,0:23:394/14/2024 13:04,0:16:164/14/2024 13:04,0:22:544/14/2024 13:04,0:34:234/14/2024 13:04,0:42:524/14/2024 13:04,0:39:164/14/2024 13:04,,0.0,0.0,0.0,0.0,0.0,0.0,0.0,0.0,0.006521739130434782,0.5816554809843401,0.5522388059701493,0.5646100116414435,0.5175675675675676,0.2692307692307692,0.32083333333333336,0.0975254730713246,0.32639791937581275,0.0706605222734255,0.2495921696574225
247F,12,25-Feb,378,832/2499,,301833,4sqrt(6/5),8,29,515150.5,1,1,1,1,,1,0.0,1,1.0,1.0,0:01:354/14/2024 13:05,0:03:594/14/2024 13:05,0:06:164/14/2024 13:05,0:09:534/14/2024 13:05,0:46:444/14/2024 13:05,0:23:124/14/2024 13:05,0:37:544/14/2024 13:05,0:32:164/14/2024 13:05,0:48:464/14/2024 13:05,0:49:284/14/2024 13:05,0.0,0.0,0.0,0.0,0.0,0.0,0.00967741935483871,0.0,0.0,0.0,0.5816554809843401,0.5522388059701493,0.5646100116414435,0.5175675675675676,0.2692307692307692,0.32083333333333336,0.0975254730713246,0.32639791937581275,0.0706605222734255,0.2495921696574225
265B,12,25-Feb,378,832/2499,2,301833,-24,8,29,1030301/2,1,1,1,1,1.0,1,0.0,1,1.0,1.0,0:01:204/14/2024 13:04,0:12:084/14/2024 13:04,0:10:264/14/2024 13:04,0:13:484/14/2024 13:04,0:38:534/14/2024 13:04,0:22:484/14/2024 13:04,0:13:594/14/2024 13:04,0:46:084/14/2024 13:04,0:48:464/14/2024 13:04,0:36:354/14/2024 13:04,0.0,0.0,0.0,0.0,0.0,0.0,0.03870967741935484,0.0,0.0,0.0,0.5816554809843401,0.5522388059701493,0.5646100116414435,0.5175675675675676,0.2692307692307692,0.32083333333333336,0.0975254730713246,0.32639791937581275,0.0706605222734255,0.2495921696574225
266C,12,25-Feb,378,832/2499,2,301833,5,8,64,102010,1,1,1,1,1.0,1,0.0,1,0.0,0.0,0:01:394/14/2024 13:04,0:06:554/14/2024 13:04,0:08:214/14/2024 13:04,0:13:594/14/2024 13:04,0:16:414/14/2024 13:04,0:20:254/14/2024 13:04,0:44:044/14/2024 13:04,0:21:424/14/2024 13:04,0:41:494/14/2024 13:04,0:46:554/14/2024 13:04,0.0,0.0,0.0,0.0,0.0,0.0,0.04838709677419355,0.0,0.09586776859504133,0.002173913043478261,0.5816554809843401,0.5522388059701493,0.5646100116414435,0.5175675675675676,0.2692307692307692,0.32083333333333336,0.0975254730713246,0.32639791937581275,0.0706605222734255,0.2495921696574225
266G,12,25-Feb,378,832/2499,2,301833,5,4,29,10100,1,1,1,1,1.0,1,0.0,0,1.0,0.0,0:01:544/14/2024 13:04,0:04:564/14/2024 13:04,0:08:454/14/2024 13:04,0:13:404/14/2024 13:04,0:41:034/14/2024 13:04,0:24:444/14/2024 13:04,0:48:184/14/2024 13:04,0:28:274/14/2024 13:04,0:43:464/14/2024 13:04,0:47:124/14/2024 13:04,0.0,0.0,0.0,0.0,0.0,0.0,0.04838709677419355,,0.0,0.004347826086956522,0.5816554809843401,0.5522388059701493,0.5646100116414435,0.5175675675675676,0.2692307692307692,0.32083333333333336,0.0975254730713246,0.32639791937581275,0.0706605222734255,0.2495921696574225
270B,12,25-Feb,378,832/2499,2,301833,3sqrt3,16,29,50001,1,1,1,1,1.0,1,0.0,0,1.0,0.0,0:01:254/14/2024 13:04,0:05:584/14/2024 13:04,0:07:054/14/2024 13:04,0:14:424/14/2024 13:04,0:17:024/14/2024 13:04,0:21:184/14/2024 13:04,0:47:544/14/2024 13:04,0:47:104/14/2024 13:04,0:46:324/14/2024 13:04,0:48:014/14/2024 13:04,0.0,0.0,0.0,0.0,0.0,0.0,0.0032258064516129032,,0.0,0.002173913043478261,0.5816554809843401,0.5522388059701493,0.5646100116414435,0.5175675675675676,0.2692307692307692,0.32083333333333336,0.0975254730713246,0.32639791937581275,0.0706605222734255,0.2495921696574225
273C,12,18/25,378,832/2499,2,301833,-64,8,128,1030301/2,1,0,1,1,1.0,1,0.0,1,0.0,1.0,0:07:064/14/2024 13:04,0:03:374/14/2024 13:04,0:11:364/14/2024 13:04,0:14:204/14/2024 13:04,0:22:014/14/2024 13:04,0:25:024/14/2024 13:04,0:49:204/14/2024 13:04,0:29:324/14/2024 13:04,0:39:274/14/2024 13:04,0:03:484/14/2024 13:04,0.0,0.058333333333333334,0.0,0.0,0.0,0.0,0.0016129032258064516,0.0,0.03140495867768595,0.0,0.5816554809843401,0.5522388059701493,0.5646100116414435,0.5175675675675676,0.2692307692307692,0.32083333333333336,0.0975254730713246,0.32639791937581275,0.0706605222734255,0.2495921696574225
273F,12,18/25,378,832/2499,2,301833,-24,8,2^5,1030301/2,1,0,1,1,1.0,1,0.0,1,0.0,1.0,0:07:254/14/2024 13:04,0:04:324/14/2024 13:04,0:19:014/14/2024 13:04,0:14:354/14/2024 13:04,0:22:274/14/2024 13:04,0:25:074/14/2024 13:04,0:14:264/14/2024 13:04,0:19:534/14/2024 13:04,0:48:594/14/2024 13:04,0:02:424/14/2024 13:04,0.0,0.058333333333333334,0.0,0.0,0.0,0.0,0.03870967741935484,0.0,0.001652892561983471,0.0,0.5816554809843401,0.5522388059701493,0.5646100116414435,0.5175675675675676,0.2692307692307692,0.32083333333333336,0.0975254730713246,0.32639791937581275,0.0706605222734255,0.2495921696574225
273G,12,18/25,378,832/2499,2,301833,-24,8,10,1030301/2,1,0,1,1,1.0,1,0.0,1,0.0,1.0,0:29:354/14/2024 13:04,0:07:444/14/2024 13:04,0:11:534/14/2024 13:04,0:15:414/14/2024 13:04,0:15:094/14/2024 13:04,0:28:304/14/2024 13:04,0:17:104/14/2024 13:04,0:31:234/14/2024 13:04,0:41:574/14/2024 13:04,0:04:164/14/2024 13:04,0.0,0.058333333333333334,0.0,0.0,0.0,0.0,0.03870967741935484,0.0,0.011570247933884297,0.0,0.5816554809843401,0.5522388059701493,0.5646100116414435,0.5175675675675676,0.2692307692307692,0.32083333333333336,0.0975254730713246,0.32639791937581275,0.0706605222734255,0.2495921696574225
273H,12,18/25,378,832/2499,2,301833,-24,8,256,515150.5,1,0,1,1,1.0,1,0.0,1,0.0,1.0,0:25:074/14/2024 13:04,0:49:094/14/2024 13:04,0:11:564/14/2024 13:04,0:27:494/14/2024 13:04,0:48:194/14/2024 13:04,0:49:194/14/2024 13:04,0:30:144/14/2024 13:04,0:48:234/14/2024 13:04,0:32:414/14/2024 13:04,0:48:264/14/2024 13:04,0.0,0.058333333333333334,0.0,0.0,0.0,0.0,0.03870967741935484,0.0,0.03305785123966942,0.0,0.5816554809843401,0.5522388059701493,0.5646100116414435,0.5175675675675676,0.2692307692307692,0.32083333333333336,0.0975254730713246,0.32639791937581275,0.0706605222734255,0.2495921696574225
276D,12,25-Feb,378,832/2499,2,301833,7,8,26,5,1,1,1,1,1.0,1,0.0,1,0.0,0.0,0:02:224/14/2024 13:04,0:35:304/14/2024 13:04,0:07:264/14/2024 13:04,0:13:244/14/2024 13:04,0:42:174/14/2024 13:04,0:30:024/14/2024 13:04,0:47:554/14/2024 13:04,0:48:474/14/2024 13:04,0:47:184/14/2024 13:04,0:47:574/14/2024 13:04,0.0,0.0,0.0,0.0,0.0,0.0,0.008064516129032258,0.0,0.001652892561983471,0.030434782608695653,0.5816554809843401,0.5522388059701493,0.5646100116414435,0.5175675675675676,0.2692307692307692,0.32083333333333336,0.0975254730713246,0.32639791937581275,0.0706605222734255,0.2495921696574225
277D,12,25-Feb,378,832/2499,2,301833,4/5 sqrt(30),8,29,101,1,1,1,1,1.0,1,1.0,1,1.0,0.0,0:01:134/14/2024 13:04,0:02:134/14/2024 13:04,0:07:204/14/2024 13:04,0:13:204/14/2024 13:04,0:33:294/14/2024 13:04,0:49:414/14/2024 13:04,0:24:244/14/2024 13:04,0:29:564/14/2024 13:04,0:47:054/14/2024 13:04,0:48:294/14/2024 13:04,0.0,0.0,0.0,0.0,0.0,0.0,0.0,0.0,0.0,0.034782608695652174,0.5816554809843401,0.5522388059701493,0.5646100116414435,0.5175675675675676,0.2692307692307692,0.32083333333333336,0.0975254730713246,0.32639791937581275,0.0706605222734255,0.2495921696574225
277H,12,25-Feb,378,832/2499,2,300833,4/5sqrt(30),8,63,100/101,1,1,1,1,1.0,0,1.0,1,0.0,0.0,0:27:594/14/2024 13:04,0:06:584/14/2024 13:04,0:09:274/14/2024 13:04,0:11:094/14/2024 13:04,0:48:564/14/2024 13:04,0:17:544/14/2024 13:04,0:25:484/14/2024 13:04,0:30:514/14/2024 13:04,0:47:234/14/2024 13:04,0:49:324/14/2024 13:04,0.0,0.0,0.0,0.0,0.0,,0.0,0.0,0.01818181818181818,0.002173913043478261,0.5816554809843401,0.5522388059701493,0.5646100116414435,0.5175675675675676,0.2692307692307692,0.32083333333333336,0.0975254730713246,0.32639791937581275,0.0706605222734255,0.2495921696574225
284C,12,25-Feb,756,832/2499,2,301833,4/5\sqrt30,8,29,1030301/2,1,1,0,1,1.0,1,1.0,1,1.0,1.0,0:02:224/14/2024 13:04,0:04:514/14/2024 13:04,0:49:594/14/2024 13:04,0:10:014/14/2024 13:04,0:45:234/14/2024 13:04,0:21:514/14/2024 13:04,0:16:284/14/2024 13:04,0:25:514/14/2024 13:04,0:41:424/14/2024 13:04,0:48:594/14/2024 13:04,0.0,0.0,,0.0,0.0,0.0,0.0,0.0,0.0,0.0,0.5816554809843401,0.5522388059701493,0.5646100116414435,0.5175675675675676,0.2692307692307692,0.32083333333333336,0.0975254730713246,0.32639791937581275,0.0706605222734255,0.2495921696574225
284D,12,25-Feb,378,832/2499,2,301833,4sqrt(30)/5,8,29,,1,1,1,1,1.0,1,1.0,1,1.0,,0:01:144/14/2024 13:04,0:02:274/14/2024 13:04,0:03:494/14/2024 13:04,0:11:184/14/2024 13:04,0:43:174/14/2024 13:04,0:21:494/14/2024 13:04,0:17:254/14/2024 13:04,0:13:304/14/2024 13:04,0:35:294/14/2024 13:04,0:39:134/14/2024 13:04,0.0,0.0,0.0,0.0,0.0,0.0,0.0,0.0,0.0,0.0,0.5816554809843401,0.5522388059701493,0.5646100116414435,0.5175675675675676,0.2692307692307692,0.32083333333333336,0.0975254730713246,0.32639791937581275,0.0706605222734255,0.2495921696574225
284F,12,25-Feb,378,832/2499,2,301833,sqrt(96/5),4,,1030301/2,1,1,1,1,1.0,1,0.0,0,,1.0,0:01:114/14/2024 13:04,0:02:524/14/2024 13:04,0:07:214/14/2024 13:04,0:11:254/14/2024 13:04,0:39:374/14/2024 13:04,0:41:284/14/2024 13:04,0:49:454/14/2024 13:04,0:34:244/14/2024 13:04,0:44:574/14/2024 13:04,0:30:054/14/2024 13:04,0.0,0.0,0.0,0.0,0.0,0.0,0.0032258064516129032,,0.0,0.0,0.5816554809843401,0.5522388059701493,0.5646100116414435,0.5175675675675676,0.2692307692307692,0.32083333333333336,0.0975254730713246,0.32639791937581275,0.0706605222734255,0.2495921696574225
284H,12,25-Feb,729,832/2499,-0.5,301833,(4 sqrt 30)/5,8,29,1030301/2,1,1,0,1,0.0,1,1.0,1,1.0,1.0,0:01:064/14/2024 13:04,0:03:524/14/2024 13:04,0:06:074/14/2024 13:04,0:12:304/14/2024 13:04,0:15:544/14/2024 13:04,0:21:004/14/2024 13:04,0:35:564/14/2024 13:04,0:38:214/14/2024 13:04,0:49:244/14/2024 13:04,0:43:324/14/2024 13:04,0.0,0.0,,0.0,0.018947368421052633,0.0,0.0,0.0,0.0,0.0,0.5816554809843401,0.5522388059701493,0.5646100116414435,0.5175675675675676,0.2692307692307692,0.32083333333333336,0.0975254730713246,0.32639791937581275,0.0706605222734255,0.2495921696574225
294F,12,25-Feb,378,832/2499,2,301833,4,8,21,515151,1,1,1,1,1.0,1,0.0,1,0.0,0.0,0:04:384/14/2024 13:05,0:02:494/14/2024 13:05,0:27:534/14/2024 13:05,0:11:474/14/2024 13:05,0:14:174/14/2024 13:05,0:25:294/14/2024 13:05,0:45:084/14/2024 13:05,0:29:434/14/2024 13:05,0:49:244/14/2024 13:05,0:47:214/14/2024 13:05,0.0,0.0,0.0,0.0,0.0,0.0,0.035483870967741936,0.0,0.07107438016528926,0.013043478260869565,0.5816554809843401,0.5522388059701493,0.5646100116414435,0.5175675675675676,0.2692307692307692,0.32083333333333336,0.0975254730713246,0.32639791937581275,0.0706605222734255,0.2495921696574225
303C,12,25-Feb,378,832/2499,2,301833,,4,29,16933.60763,1,1,1,1,1.0,1,,0,1.0,0.0,0:08:234/14/2024 13:04,0:38:584/14/2024 13:04,0:07:094/14/2024 13:04,0:30:154/14/2024 13:04,0:43:434/14/2024 13:04,0:36:314/14/2024 13:04,0:10:084/14/2024 13:04,0:09:554/14/2024 13:04,0:13:404/14/2024 13:04,0:47:434/14/2024 13:04,0.0,0.0,0.0,0.0,0.0,0.0,0.0,,0.0,0.002173913043478261,0.5816554809843401,0.5522388059701493,0.5646100116414435,0.5175675675675676,0.2692307692307692,0.32083333333333336,0.0975254730713246,0.32639791937581275,0.0706605222734255,0.2495921696574225
314E,12,25-Feb,378,832/2499,2,301833,,8,21,,1,1,1,1,1.0,1,,1,0.0,,0:01:494/14/2024 13:04,0:05:304/14/2024 13:04,0:11:194/14/2024 13:04,0:19:504/14/2024 13:04,0:22:154/14/2024 13:04,0:27:204/14/2024 13:04,0:48:044/14/2024 13:04,0:33:424/14/2024 13:04,0:48:064/14/2024 13:04,,0.0,0.0,0.0,0.0,0.0,0.0,0.0,0.0,0.07107438016528926,0.0,0.5816554809843401,0.5522388059701493,0.5646100116414435,0.5175675675675676,0.2692307692307692,0.32083333333333336,0.0975254730713246,0.32639791937581275,0.0706605222734255,0.2495921696574225
318B,12,25-Feb,378,832/2499,2,301833,(12sqrt26)/13,4,,1030301/2,1,1,1,1,1.0,1,0.0,0,,1.0,0:02:564/14/2024 13:09,0:23:104/14/2024 13:09,0:05:464/14/2024 13:09,0:24:024/14/2024 13:09,0:24:114/14/2024 13:09,0:24:284/14/2024 13:09,0:44:454/14/2024 13:09,0:29:314/14/2024 13:09,,0:22:194/14/2024 13:09,0.0,0.0,0.0,0.0,0.0,0.0,0.0032258064516129032,,0.0,0.0,0.5816554809843401,0.5522388059701493,0.5646100116414435,0.5175675675675676,0.2692307692307692,0.32083333333333336,0.0975254730713246,0.32639791937581275,0.0706605222734255,0.2495921696574225
321C,12,25-Feb,729,832/2499,2,301833,(12sqrt(5))/5,8,16,1030301/2,1,1,0,1,1.0,1,0.0,1,0.0,1.0,0:01:074/14/2024 13:04,0:02:514/14/2024 13:04,0:03:534/14/2024 13:04,0:46:394/14/2024 13:04,0:14:524/14/2024 13:04,0:18:224/14/2024 13:04,0:28:314/14/2024 13:04,0:43:044/14/2024 13:04,0:43:054/14/2024 13:04,0:40:344/14/2024 13:04,0.0,0.0,,0.0,0.0,0.0,0.0016129032258064516,0.0,0.03471074380165289,0.0,0.5816554809843401,0.5522388059701493,0.5646100116414435,0.5175675675675676,0.2692307692307692,0.32083333333333336,0.0975254730713246,0.32639791937581275,0.0706605222734255,0.2495921696574225
322E,12,25-Feb,378,832/2499,2,301833,(4sqrt30)/5,4,29,,1,1,1,1,1.0,1,1.0,0,1.0,,0:18:074/14/2024 13:05,0:46:054/14/2024 13:05,0:46:474/14/2024 13:05,0:07:314/14/2024 13:05,0:07:344/14/2024 13:05,0:08:264/14/2024 13:05,0:48:284/14/2024 13:05,0:46:014/14/2024 13:05,0:26:334/14/2024 13:05,0:48:484/14/2024 13:05,0.0,0.0,0.0,0.0,0.0,0.0,0.0,,0.0,0.0,0.5816554809843401,0.5522388059701493,0.5646100116414435,0.5175675675675676,0.2692307692307692,0.32083333333333336,0.0975254730713246,0.32639791937581275,0.0706605222734255,0.2495921696574225
322G,12,25-Feb,729,832/2499,2,301833,(4\sqrt{30})/5,8,64,10100,1,1,0,1,1.0,1,1.0,1,0.0,0.0,0:01:084/14/2024 13:04,0:06:554/14/2024 13:04,0:04:304/14/2024 13:04,0:10:094/14/2024 13:04,0:10:034/14/2024 13:04,0:12:504/14/2024 13:04,0:45:554/14/2024 13:04,0:27:074/14/2024 13:04,0:46:354/14/2024 13:04,0:48:294/14/2024 13:04,0.0,0.0,,0.0,0.0,0.0,0.0,0.0,0.09586776859504133,0.004347826086956522,0.5816554809843401,0.5522388059701493,0.5646100116414435,0.5175675675675676,0.2692307692307692,0.32083333333333336,0.0975254730713246,0.32639791937581275,0.0706605222734255,0.2495921696574225
326A,12,25-Feb,378,832/2499,pi/4,301833,4.5,8,,515150.5,1,1,1,1,0.0,1,0.0,1,,1.0,0:01:574/14/2024 13:04,0:37:414/14/2024 13:04,0:06:164/14/2024 13:04,0:25:514/14/2024 13:04,0:26:154/14/2024 13:04,0:32:034/14/2024 13:04,0:49:484/14/2024 13:04,0:38:544/14/2024 13:04,0:49:584/14/2024 13:04,0:49:214/14/2024 13:04,0.0,0.0,0.0,0.0,0.016842105263157894,0.0,0.0016129032258064516,0.0,0.0,0.0,0.5816554809843401,0.5522388059701493,0.5646100116414435,0.5175675675675676,0.2692307692307692,0.32083333333333336,0.0975254730713246,0.32639791937581275,0.0706605222734255,0.2495921696574225
332B,12,25-Feb,378,832/2499,2,301833,4sqrt30/5,4,48,5000,1,1,1,1,1.0,1,1.0,0,0.0,0.0,0:06:534/14/2024 13:04,0:08:594/14/2024 13:04,0:11:584/14/2024 13:04,0:17:574/14/2024 13:04,0:39:154/14/2024 13:04,0:41:294/14/2024 13:04,0:28:574/14/2024 13:04,0:24:184/14/2024 13:04,0:47:594/14/2024 13:04,0:48:524/14/2024 13:04,0.0,0.0,0.0,0.0,0.0,0.0,0.0,,0.006611570247933884,0.02391304347826087,0.5816554809843401,0.5522388059701493,0.5646100116414435,0.5175675675675676,0.2692307692307692,0.32083333333333336,0.0975254730713246,0.32639791937581275,0.0706605222734255,0.2495921696574225
343A,12,25-Feb,378,832/2499,sqrt2,301833,4sqrt(30)/5,8,29,10404,1,1,1,1,0.0,1,1.0,1,1.0,0.0,0:39:204/14/2024 13:04,0:03:064/14/2024 13:04,0:08:364/14/2024 13:04,0:09:094/14/2024 13:04,0:21:234/14/2024 13:04,0:35:254/14/2024 13:04,0:30:324/14/2024 13:04,0:36:374/14/2024 13:04,0:45:084/14/2024 13:04,0:48:004/14/2024 13:04,0.0,0.0,0.0,0.0,0.031578947368421054,0.0,0.0,0.0,0.0,0.002173913043478261,0.5816554809843401,0.5522388059701493,0.5646100116414435,0.5175675675675676,0.2692307692307692,0.32083333333333336,0.0975254730713246,0.32639791937581275,0.0706605222734255,0.2495921696574225
343E,12,25-Feb,378,832/2499,2,301833,4,8,128,1,1,1,1,1,1.0,1,0.0,1,0.0,0.0,0:01:074/14/2024 13:04,0:06:104/14/2024 13:04,0:11:084/14/2024 13:04,0:15:414/14/2024 13:04,0:22:264/14/2024 13:04,0:27:314/14/2024 13:04,0:49:064/14/2024 13:04,0:49:154/14/2024 13:04,0:48:154/14/2024 13:04,0:48:204/14/2024 13:04,0.0,0.0,0.0,0.0,0.0,0.0,0.035483870967741936,0.0,0.03140495867768595,0.10217391304347827,0.5816554809843401,0.5522388059701493,0.5646100116414435,0.5175675675675676,0.2692307692307692,0.32083333333333336,0.0975254730713246,0.32639791937581275,0.0706605222734255,0.2495921696574225
