#,Score,Start Time,A1,A2,A3,A4,A5,A6,A7,A8,A9,A10,C1,C2,C3,C4,C5,C6,C7,C8,C9,C10,T1,T2,T3,T4,T5,T6,T7,T8,T9,T10
054A,1,4/14/2024 14:01,0,{39pi}/60,2,{sqrt13}/13,,,,625/256,,,1,0,0,0,,,,0,,,0:01:34,0:41:33,0:44:13,0:47:41,0:30:38,0:40:31,0:32:33,0:26:37,0:39:06,0:26:43
259A,1,4/14/2024 14:07,0,,0,,♾️,♾️,♾️,♾️,♾️,,1,,0,,0,0,0,0,0,,0:00:54,0:00:57,0:01:08,,0:01:24,0:01:28,0:01:34,0:01:39,0:02:05,
275A,1,4/14/2024 14:00,0,0.4,0,,0,0.48,,16.3,1.21,1024,1,0,0,,0,0,,0,0,0,0:32:51,0:34:19,0:26:23,,0:26:39,0:46:50,0:43:21,0:16:36,0:26:03,0:26:45
249A,1,4/14/2024 13:04,0,3pi/10,0,(6-3*sqrt7)/(sqrt13-5),2pi,4,37,2sqrt2,3-Apr,12,1,0,0,0,0,0,0,0,0,0,0:00:50,0:04:14,0:26:34,0:29:40,0:45:12,0:45:16,0:45:24,0:46:05,0:46:21,0:48:18
270A,1,4/14/2024 14:00,0,4pi^2,0,,0,2-Jan,0,0,0,0,1,0,0,,0,0,0,0,0,0,0:11:13,0:29:53,0:30:20,0:33:19,0:43:36,0:43:43,0:43:44,0:43:46,0:43:49,0:43:49
078A,3,4/14/2024 13:04,0,3pi/10,4,(13+2sqrt13)/13,pi^2/4,12-Jan,sqrt2/9999,10,,,1,0,0,0,1,1,0,0,,,0:13:12,0:05:07,0:48:45,0:38:38,0:18:33,0:22:59,0:29:42,0:47:41,,
272A,0,4/14/2024 14:03,1,,,,,,,,,,0,,,,,,,,,,0:00:22,0:33:30,,,,,,,,
065A,1,4/14/2024 13:57,0,2.513,0,-2,0,1,−0.118,81/16,1.206,0,1,0,0,0,0,0,0,0,0,0,0:54:44,0:49:44,0:49:45,0:41:57,0:43:49,0:54:34,0:36:10,0:46:00,0:35:49,0:52:36
121A,1,4/14/2024 14:00,0,(4pi)/5,0,3,1,c,1,36/25,1,1,1,0,0,0,0,0,0,0,0,0,0:07:26,0:32:14,0:32:16,0:32:24,0:44:00,0:45:03,0:34:27,0:45:56,0:42:58,0:43:10
257A,0,4/14/2024 14:00,2-Jan,3/10pi,3,3,pi^2/2,,991/1000,6.64525,,2.5,0,0,0,0,0,,0,0,,0,0:49:38,0:49:49,0:41:55,0:39:19,0:16:42,0:27:21,0:49:59,0:26:40,0:29:40,0:49:55
314A,2,4/14/2024 13:04,0,3pi/10,5-Mar,-6,pi^2/4,pi/16,5000,14,(ln3)^2/4,2030,1,0,0,0,1,0,0,0,0,0,0:00:52,0:33:34,0:49:42,0:15:31,0:40:20,0:09:12,0:49:25,0:49:50,0:47:47,0:49:10
204A,1,4/14/2024 13:04,0,,0,,,,1/sqrt2,4.223,2-May,2,1,,0,,,,0,0,0,0,0:23:38,0:49:56,0:29:05,,0:16:59,0:31:37,0:48:47,0:48:44,0:45:56,0:39:33
008A,1,4/14/2024 14:00,0,(9pi)/70,4-Jan,-0.5,0,3-Jan,0,36/25,,,1,0,0,0,0,0,0,0,,,0:01:30,0:28:24,0:31:18,0:43:56,0:49:06,0:44:06,0:44:17,0:47:25,,
023A,6,4/14/2024 14:00,0,(4pi)/5+2,2-Jul,(13+sqrt(13))/13,,3-Jan,-(2sqrt(2))/(99979997),100,(ln(3))^2,13/2,1,0,1,1,,0,1,0,1,1,0:00:11,0:05:33,0:09:55,0:25:21,,0:48:25,0:36:08,0:49:56,0:44:27,0:47:11
197A,3,4/14/2024 13:04,0,0,4,0,1+pi^2/8,12-Jan,(2sqrt(2))/99979997,12,ln^2(3),,1,0,0,0,0,1,0,0,1,,0:01:30,0:49:52,0:11:57,0:49:48,0:48:22,0:33:56,0:12:12,0:49:54,0:37:27,0:48:51
022D,0,4/14/2024 13:57,,,,,,,,,,,,,,,,,,,,,,,,,,,,,,
286A,1,4/14/2024 14:00,0,3pi/10,4-Jan,-0.46875,-0.333333333,sqrt2/12,17-Dec,7,,14,1,0,0,0,0,0,0,0,,0,0:09:35,0:22:26,0:49:13,0:49:29,0:49:26,0:32:37,0:49:52,0:49:45,,0:49:41
134A,0,4/14/2024 13:04,sqrtpi/2,(3pi)/10,4,,,,1,,,,0,0,0,,,,0,,,,0:27:11,0:49:46,0:22:29,,,,0:49:57,,0:42:11,
121B,0,4/14/2024 13:57,1,1,1,1,1,1,1,36/25,1,1,0,0,0,0,0,0,0,0,0,0,0:26:31,0:29:23,0:29:28,0:29:30,0:29:32,0:29:35,0:29:41,0:29:20,0:29:46,0:30:24
054B,1,4/14/2024 14:00,0,pi/6,1,(-4sqrt(26)+4sqrt(2))/(sqrt(13)-2),0,2-Jan,sqrt(2),2-Jul,4-Jan,7,1,0,0,0,0,0,0,0,0,0,0:00:16,0:01:59,0:24:43,0:42:12,0:42:24,0:42:30,0:42:52,0:44:19,0:44:22,0:44:25
326A,1,4/14/2024 14:00,0,,0,,,,,2,,2-Jan,1,,0,,,,,0,,0,0:47:58,0:39:05,0:49:57,,0:39:57,0:39:58,0:15:06,0:49:45,0:49:55,0:49:47
318B,4,4/14/2024 14:10,0,(3pi)/10,2-Jul,(13+sqrt13)/13,,4-Jan,50,-2,4-Mar,13/2,1,0,1,1,,0,0,0,0,1,0:02:49,0:32:55,0:47:44,0:38:02,,0:45:37,0:46:35,0:36:31,0:48:03,0:47:37
316A,2,4/14/2024 13:04,0,(13pi)/10,2,1+sqrt13/13,2,11-Feb,4,,2024,6,1,0,0,1,0,0,0,,0,0,0:02:22,0:18:15,0:18:15,0:34:40,0:42:34,0:49:28,0:49:17,0:49:31,0:49:34,0:49:46
074A,4,4/14/2024 14:00,0,3/10pi,3.5,sqrt2/2,0,4-Jan,pi,16,(ln3)^2,2-Jan,1,0,1,0,0,0,0,1,1,0,0:04:06,0:33:36,0:21:59,0:19:02,0:46:16,0:48:06,0:49:42,0:32:30,0:26:40,0:41:10
074B,4,4/14/2024 14:00,0,(3pi)/10,3.5,4-Mar,(1+sqrt5)/2,11-Mar,(7pi)/11,16,(ln3)^2,,1,0,1,0,0,0,0,1,1,,0:01:42,0:33:49,0:22:57,0:49:16,0:48:33,0:47:56,0:49:56,0:33:37,0:27:00,
200A,2,4/14/2024 14:00,0,3π/10,4,2+sqrt13/13,π^2/4,12-May,-8sqrt2/99979985,25e/4,5,5,1,0,0,0,1,0,0,0,0,0,0:00:49,0:03:49,0:13:26,0:13:33,0:21:06,0:37:35,0:47:03,0:49:29,0:49:39,0:49:40
209A,2,4/14/2024 13:04,0,3/10pi,4,sqrt7/7,2pi+1,Jan-32,2-Jan,16,8-Jan,2027,1,0,0,0,0,0,0,1,0,0,0:05:36,0:08:06,0:05:35,0:43:54,0:45:33,0:43:57,0:49:57,0:47:21,0:47:23,0:49:31
099A,1,4/14/2024 13:57,0,(4pi)/15,0,2-sqrt2,376,87,(37pi)/38,378/347,Nov-14,,1,0,0,0,0,0,0,0,0,,0:11:54,0:21:15,0:22:31,0:44:44,0:54:06,0:53:55,0:53:08,0:52:53,0:52:48,0:52:36
013B,1,4/14/2024 14:00,0,0.3pi,0,sqrt6,pi,0,0,125/64,3-Apr,0,1,0,0,0,0,0,0,0,0,0,0:10:29,0:11:46,0:44:58,0:49:45,0:49:39,0:45:22,0:33:46,0:48:12,0:39:05,0:48:34
118A,1,4/14/2024 14:01,0,(3pi)/10,infty,2,(3pi)/4,3-Feb,pl easeihaveafamilyathome,50/32,1,5+log(8),1,0,0,0,0,0,0,0,0,0,0:35:40,0:06:48,0:22:59,0:27:45,0:36:05,0:35:09,0:45:03,0:49:16,0:47:13,0:34:00
029A,2,4/14/2024 14:01,0,1.8pi,1,-2,,,,26/25,4-May,2.866,1,1,0,0,,,,0,0,0,0:08:04,0:08:08,0:25:18,0:25:19,0:25:20,,,0:49:56,0:49:50,0:49:49
203A,2,4/14/2024 13:04,0,5pi/3,2,2sqrt7/7,pi^2/4,,0,1,,4,1,0,0,0,1,,0,0,,0,0:04:29,0:14:38,0:49:51,0:27:39,0:49:33,0:34:38,0:45:24,0:29:28,0:49:10,0:47:43
307B,3,4/14/2024 13:58,0,(3pi)/10,4,4,1,16-Mar,sqrt2/10001,16,ln^2(3)/4,13/2,1,0,0,0,0,0,0,1,0,1,0:00:56,0:13:58,0:17:11,0:56:43,0:55:53,0:57:28,0:29:54,0:21:31,0:37:23,0:52:06
225A,1,4/14/2024 13:04,0,pi/30,,,,,,,,,1,0,,,,,,,,,0:23:03,0:35:00,0:35:06,,,,,,,
136B,1,4/14/2024 14:01,0,pi/6,0,4sqrt2,,,cos((19998+pi)/4),343/580pi,,,1,0,0,0,,,0,0,,,0:01:37,0:27:09,0:12:55,0:13:58,,,0:23:05,0:34:00,,
190A,2,4/14/2024 14:02,0,1/3pi,4e^3,1,pi^2/4,4-Jan,1,81/64,4-May,2024,1,0,0,0,1,0,0,0,0,0,0:11:21,0:05:21,0:14:49,0:17:45,0:21:33,0:22:39,0:23:09,0:34:19,0:34:21,0:34:42
034A,2,4/14/2024 14:00,0,(3pi)/5,2-Jul,1+1/sqrt13,pi/2,2sqrt2,3pi/4,2,0,0,1,0,1,0,0,0,0,0,0,0,0:06:46,0:42:13,0:45:35,0:47:31,0:49:26,0:49:36,0:49:43,0:29:55,0:48:45,0:49:02
201A,0,4/14/2024 14:00,e^x,pi/9,t^2,2,pi,100%,,125/24,1,0,0,0,0,0,0,0,,0,0,0,0:43:04,0:39:39,0:09:50,0:03:09,0:15:05,0:45:50,,0:22:45,0:22:55,0:16:54
161A,0,4/14/2024 13:58,2-Jan,4/3pi,0,,0,,,36/25,7,4,0,0,0,,0,,,0,0,0,0:31:32,0:52:35,0:53:18,0:55:03,0:58:14,0:31:32,0:56:31,0:49:45,0:56:35,0:57:42
216A,1,4/14/2024 14:00,0,3pi/10,,,,,,,,,1,0,,,,,,,,,0:29:24,0:37:40,,,,,,,,
103A,0,4/14/2024 13:04,1,3/10pi,0,sqrt(13)/13,,,,,,,0,0,0,0,,,,,,,0:45:20,0:10:52,0:28:30,0:29:39,,,,,,
190B,1,4/14/2024 14:03,0,(3pi)/10,4,4,(pi^2+8)/4,2-Jan,-0.25,6,ln(3/4),2024,1,0,0,0,0,0,0,0,0,0,0:02:02,0:06:34,0:20:55,0:27:00,0:30:21,0:41:25,0:43:40,0:46:34,0:48:06,0:49:37
194A,2,4/14/2024 14:00,0,3pi/10,,1,,,2-Jan,16,,,1,0,,0,,,0,1,,,0:02:39,0:48:21,,0:45:49,,,0:47:09,0:29:46,,
161B,1,4/14/2024 14:00,0,,,,,,,,,,1,,,,,,,,,,0:01:07,,,,,,,,,
055A,4,4/14/2024 13:57,0,3pi/10,4,,0,,-2sqrt2/99979997,13,log^2(3),13/2,1,0,0,,0,,1,0,1,1,0:12:47,0:20:36,0:15:43,0:58:52,0:59:18,0:59:29,0:40:13,0:16:28,0:40:29,0:44:39
305B,1,4/14/2024 13:04,2-Jan,3/10pi,,(sqrt(13)+13)/13,64,4-Jan,12,6,16,43,0,0,,1,0,0,0,0,0,0,0:15:21,0:04:55,0:48:38,0:23:57,0:49:57,0:49:35,0:49:54,0:49:45,0:49:48,0:49:50
006E,1,4/14/2024 14:00,2,7/3pi,3,4,10-Mar,3-Jan,sqrt2/2,16,25-Apr,240,0,0,0,0,0,0,0,1,0,0,0:43:21,0:49:55,0:35:03,0:33:09,0:39:09,0:35:58,0:38:42,0:38:43,0:38:48,0:38:57
205B,2,4/14/2024 13:04,0,3/10 pi,,1+sqrt13/13,,,,,,,1,0,,1,,,,,,,0:47:03,0:15:25,0:39:18,0:39:35,0:39:59,,,,,
115A,3,4/14/2024 13:04,0,9/5pi,1,sqrt2,0,3-Feb,-(2sqrt2)/997997,16,2-Jan,7,1,1,0,0,0,0,0,1,0,0,0:03:38,0:48:47,0:17:22,0:47:43,0:45:30,0:49:52,0:27:44,0:33:55,0:45:53,0:42:37
256B,1,4/14/2024 14:02,0,(9pi)/70,4,2-Jan,,,,,,,1,0,0,0,,,,,,,0:15:22,0:07:59,0:12:35,0:46:32,,,,,,
148C,2,4/14/2024 13:04,0,3/10pi,17,1+sqrt(13)/13,17,2-Jan,2-Jan,17,17,17,1,0,0,1,0,0,0,0,0,0,0:17:09,0:07:52,0:47:04,0:34:26,0:47:05,0:47:14,0:47:00,0:48:56,0:47:17,0:47:18
215A,1,4/14/2024 14:01,0,9/70*pi,8,,87,12-May,677,8,567879,57,1,0,0,,0,0,0,0,0,0,0:11:34,0:40:38,0:49:32,,0:49:38,0:40:57,0:49:42,0:26:46,0:49:46,0:49:56
277A,0,4/14/2024 14:00,2,3-Jan,0,-1,0,,,,,,0,0,0,0,0,,,,,,0:03:05,0:08:37,0:49:51,0:49:56,0:49:59,,,,,
289B,1,4/14/2024 13:05,0,(3pi)/10,1,5-Jun,,,,,,,1,0,0,0,,,,,,,0:06:39,0:13:19,0:16:27,0:36:53,,0:45:56,,,,
208A,0,4/14/2024 14:01,2,3/10 pi,2,2-Mar,2,sqrt(2)/4,sqrt(2)/2,3-Feb,2,2,0,0,0,0,0,0,0,0,0,0,0:09:28,0:30:23,0:12:59,0:18:46,0:09:24,0:46:01,0:36:48,0:43:21,0:09:13,0:09:11
277B,2,4/14/2024 14:00,0,9/7pi,4,,pi^2/4,,,,,,1,0,0,,1,,,,,,0:06:06,0:19:10,0:15:32,,0:49:31,,,,,
204B,0,4/14/2024 13:04,oo,2,2,2,2,2,2,2,2,2,0,0,0,0,0,0,0,0,0,0,0:05:00,0:41:14,0:41:15,0:41:18,0:41:19,0:41:22,0:41:23,0:41:26,0:41:28,0:41:31
212D,2,4/14/2024 14:01,0,(3pi)/10,3.5,3-Jan,pi^2/2,,0,1,arctan(1/4)/3,,1,0,1,0,0,,0,0,0,,0:02:50,0:05:49,0:15:05,0:10:28,0:46:30,,0:24:45,0:39:30,0:49:53,
273B,2,4/14/2024 13:10,0,9/5*pi,2-Jan,(2sqrt3)/3,,,,,1,,1,1,0,0,,,,,0,,0:02:53,0:18:48,0:23:28,0:40:53,0:44:54,,,,0:48:18,
001A,1,4/14/2024 14:00,0,(3\pi)/(10),4,sqrt13)/(13),0,5-Mar,\pi/4,36/25,16/9,34,1,0,0,0,0,0,0,0,0,0,0:00:52,0:23:15,0:13:06,0:31:56,0:49:49,0:49:41,0:49:53,0:49:34,0:49:28,0:48:51
151B,2,4/14/2024 14:00,0,3/10pi,4,1+1/sqrt(13),pi^2/4,3-Jan,,95/16,,,1,0,0,0,1,0,,0,,,0:02:28,0:07:17,0:15:12,0:25:45,0:48:51,0:38:44,,0:43:59,,
283A,0,4/14/2024 14:00,71,0.4039,1,5,7,6,5000.207,3,9,8,0,0,0,0,0,0,0,0,0,0,0:04:30,0:07:29,0:10:31,0:49:44,0:17:37,0:18:14,0:19:44,0:49:11,0:49:07,0:49:06
091B,1,4/14/2024 13:59,0,(\frac{4}{5} \pi),∞,0,lim_{{n \to \infty}} I_n = \frac{\pi}{2},14,194,25/8,12,32938,1,0,0,0,0,0,0,0,0,0,0:13:13,0:14:23,0:17:48,0:18:56,0:20:45,0:23:26,0:24:16,0:30:04,0:30:04,0:36:25
095A,0,4/14/2024 14:00,1,(3pi)/10,4,sqrt2/2,,,,,,,0,0,0,0,,,,,,,0:02:19,0:41:52,0:09:05,0:46:39,,0:22:37,,0:26:53,,
025A,2,4/14/2024 14:00,0,(9pi)/70,2-Jul,5-Jun,2,(2sqrt(2)-1)/4,pi,95/16,12,24,1,0,1,0,0,0,0,0,0,0,0:03:01,0:06:03,0:21:00,0:31:40,0:49:01,0:48:37,0:49:26,0:12:42,0:48:50,0:48:54
331B,4,4/14/2024 14:00,0,3pi/10,1,(13 + sqrt(13))/13,pi,3-Jan,0,16,18-Jan,6.5,1,0,0,1,0,0,0,1,0,1,0:05:16,0:29:41,0:24:27,0:39:18,0:49:06,0:47:40,0:48:56,0:31:00,0:49:01,0:49:03
145A,0,4/14/2024 14:00,1,,,,,,,,,,0,,,,,,,,,,0:02:55,0:45:33,,,,,,,,
057B,1,4/14/2024 14:12,2-Jan,(8/5)π,8,2,π^2/2,3-Jan,0,π/4,1.2,6.5,0,0,0,0,0,0,0,0,0,1,0:42:12,0:06:20,0:06:28,0:41:32,0:09:59,0:15:27,0:20:42,0:08:26,0:20:41,0:09:30
347B,2,4/14/2024 13:04,0,9/5 pi,4,(13+17sqrt13)/13,1+pi,16-May,0,36/25,3-Apr,2027,1,1,0,0,0,0,0,0,0,0,0:05:08,0:17:19,0:33:20,0:28:26,0:45:43,0:45:39,0:49:31,0:49:50,0:47:31,0:44:41
044B,1,4/14/2024 14:00,0,(7pi)/30,4e,sqrt10,,6-Jan,,,,,1,0,0,0,,0,,,,,0:00:59,0:11:52,0:04:41,0:32:53,,0:42:03,0:42:05,0:48:25,0:48:23,
110B,1,4/14/2024 13:58,0,(3pi)/10,1,4,(10pi)/3,2ln(pi),(9999pi)/4,100,10e^5,,1,0,0,0,0,0,0,0,0,,0:17:54,0:24:06,0:24:07,0:58:41,0:58:57,0:59:19,0:58:26,0:54:18,0:59:27,0:55:46
134C,0,4/14/2024 14:02,1,pi/2,0,2,,,2pi,,,,0,0,0,0,,,0,,,,0:16:23,0:16:39,0:17:05,0:17:26,0:41:58,,0:45:01,,,
063B,1,4/14/2024 14:00,0,2pi,0,root2(2),1,2,pi/2,95/16,2,3,1,0,0,0,0,0,0,0,0,0,0:04:34,0:07:02,0:06:29,0:43:22,0:06:42,0:11:46,0:10:02,0:10:39,0:15:59,0:19:39
177B,1,4/14/2024 14:00,0,{3pi}/2,,"1+{3sqrt(7)}/7 {units""}/{""second""}""",,24-Jan,,,,,1,0,,0,,0,,,,,0:10:39,0:15:02,0:21:36,0:37:15,0:44:33,0:45:58,,,,
082B,2,4/14/2024 14:00,0,3pi/10,3.5,2.5,,,,,,,1,0,1,0,,,,,,,0:16:35,0:11:12,0:43:24,0:43:26,,,,,,
179B,3,4/14/2024 13:04,0,(4pi)/5,,2,(pi^2)/4,8-Jan,7-May,25/4,4 /3 ​  ln(  3/ 4 ​  )−  2/3,6.5,1,0,,0,1,0,0,0,0,1,0:27:44,0:14:57,0:49:31,0:48:31,0:49:58,0:39:13,0:45:21,0:31:59,0:36:53,0:46:43
077C,1,4/14/2024 14:01,0,,,,,,,,9,1,1,,,,,,,,0,0,0:03:34,0:04:05,0:05:04,,0:28:18,,,,0:49:28,0:49:23
284A,1,4/14/2024 14:00,0,pi,4,(364+sqrt91)/364,,24-Jan,,,,,1,0,0,0,,0,,,,,0:00:22,0:03:34,0:01:41,0:10:21,,0:21:33,,,,
039B,1,4/14/2024 14:00,0,,,,,,,,,,1,,,,,,,,,,0:03:14,0:40:57,,0:49:28,,,,,,
208B,1,4/14/2024 14:00,0,(3pi)/10,DNE,sqrt(32/7),0,,2-Jan,,3,,1,0,0,0,0,,0,,0,,0:01:15,0:12:42,0:17:54,0:48:17,0:43:19,,0:49:49,,0:49:57,
242A,1,4/14/2024 14:03,0,,,-3,,,,17,,,1,,,0,,,,0,,,0:09:28,,,0:48:17,,,,0:48:56,,
210C,3,4/14/2024 14:01,0,pi,4,7-Jun,pi^2/4,12-Jan,4/99979997,36,,,1,0,0,0,1,1,0,0,,,0:01:05,0:02:50,0:27:44,0:30:35,0:18:37,0:15:29,0:44:14,0:49:59,,
112A,0,4/14/2024 13:59,infinity,,,-24,,,,,,,0,,,0,,,,,,,0:43:47,,,0:31:24,,,,,,
095B,1,4/14/2024 14:00,0,pi/6,0,sqrt10,3-sin(1),2-Jan,0,144/25,arctan(1/4)+1,,1,0,0,0,0,0,0,0,0,,0:23:27,0:17:59,0:27:24,0:27:23,0:37:29,0:34:22,0:33:34,0:42:06,0:47:11,0:47:13
161D,0,4/14/2024 14:00,1,3-Jan,4,1,,,,,,,0,0,0,0,,,,,,,0:09:15,0:33:21,0:46:33,0:46:36,,,,,,
184B,1,4/14/2024 14:00,0,0.8pi,,-4,,,-0.201518366,(5e^16-7),1.206949,2024^2+3,1,0,,0,,,0,0,0,0,0:01:25,0:42:30,0:43:06,0:46:29,,,0:37:31,0:49:56,0:28:04,0:30:33
065B,1,4/14/2024 13:57,0,2.513,0,-2,0,0.05,-0.11847014,1.6875,1.206,0,1,0,0,0,0,0,0,0,0,0,0:12:05,0:35:39,0:49:47,0:42:33,0:43:09,0:36:00,0:22:36,0:50:50,0:35:21,0:50:56
091D,2,4/14/2024 13:05,0,(11pi)/5,4,1+sqrt(13)/(13),,6-Jan,1,,,,1,0,0,1,,0,0,,,,0:02:22,0:10:43,0:26:03,0:49:42,,0:27:29,0:49:45,,,
059B,0,4/14/2024 14:00,DNE,pi/2-pi/5,DNE,-4,,,,,,,0,0,0,0,,,,,,,0:03:23,0:43:22,0:48:58,0:31:37,,,,,,
295B,0,4/14/2024 14:00,∞,Nov-60,4,-1,,,,,,,0,0,0,0,,,,,,,0:04:14,0:42:15,0:30:26,0:49:02,,0:31:36,0:38:01,,,
261A,2,4/14/2024 14:00,0,pi/2,0,root 2 5,4+pi^2 /2,3-Jan,-0.1,16,21/64,-2024e^-2024+e^-2024,1,0,0,0,0,0,0,1,0,0,0:01:24,0:03:21,0:02:19,0:07:01,0:11:14,0:27:35,0:21:22,0:37:20,0:21:31,0:37:21
183B,0,4/14/2024 13:06,,2/3\pi,,,,,,,,,,0,,,,,,,,,0:19:19,0:18:54,,,,,,,,
099B,4,4/14/2024 14:00,0,\frac{4\pi}{15},2-Jul,\frac{\sqrt{13}}{13},pi/2,2,2,16,\frac{13}{2},13/2,1,0,1,0,0,0,0,1,0,1,0:00:07,0:14:29,0:09:41,0:19:25,0:30:50,0:49:59,0:49:58,0:35:26,0:49:57,0:44:13
018B,0,4/14/2024 13:58,e^2,{9pi}/70,4,2sqrt(2),2,2-Jan,999,95/16,16,1022,0,0,0,0,0,0,0,0,0,0,0:53:17,0:15:46,0:27:20,0:53:40,0:36:34,0:56:27,0:54:43,0:55:26,0:59:50,0:59:29
205C,2,4/14/2024 14:00,0,1,1,1+7sqrt7,0,3-Jan,0,16,1,2022,1,0,0,0,0,0,0,1,0,0,0:07:54,0:23:07,0:49:43,0:34:07,0:47:49,0:47:32,0:45:38,0:43:52,0:47:24,0:47:12
099C,3,4/14/2024 14:00,0,(4pi)/15,2-Jul,2+root(2)(2),pi/2,10-Mar,(10002root(2)(2)-20004)/100030001,4,0,13/2,1,0,1,0,0,0,0,0,0,1,0:00:12,0:14:15,0:28:13,0:34:35,0:40:25,0:40:49,0:26:30,0:43:45,0:39:53,0:49:55
247C,1,4/14/2024 13:04,0,3pi/10,4,,,sqrt(2)/3,,,,,1,0,0,,,0,,,,,0:41:08,0:09:27,0:19:38,,,0:47:24,,,,
145B,0,4/14/2024 14:00,e,,,,,,,,,,0,,,,,,,,,,0:02:33,,,,,,,,,
087A,1,4/14/2024 14:00,0,0.3pi,#NAME?,3,3/4pi,8-Jan,cos((9999arccos(x))/2+pi/4),100e^(7/3),∞,0,1,0,0,0,0,0,0,0,0,0,0:03:39,0:32:59,0:06:25,0:13:40,0:49:23,0:48:22,0:12:17,0:31:27,0:47:45,0:48:41
184C,1,4/14/2024 14:00,0,π,0,1.5,,,,,,,1,0,0,0,,,,,,,0:06:20,0:07:34,0:09:18,0:10:02,0:10:07,0:10:30,,,,
022B,0,4/14/2024 14:00,,,,,,,,,,,,,,,,,,,,,0:15:12,,,,0:15:09,,,,,
065C,1,4/14/2024 13:57,0,2.513,0,-2,0,0.05,-0.118,1.6875,1.206,0,1,0,0,0,0,0,0,0,0,0,0:12:19,0:34:22,0:00:33,0:42:22,0:43:51,0:20:17,0:44:42,0:48:51,0:36:13,0:51:12
205D,2,4/14/2024 14:00,0,3/10pi,69,1+7sqrt7,69,69,69,16,69,69,1,0,0,0,0,0,0,1,0,0,0:08:18,0:26:19,0:48:22,0:39:25,0:48:24,0:48:25,0:48:28,0:49:33,0:48:30,0:49:52
114D,0,4/14/2024 14:00,1,,6-Jan,1.2,,,,95/16,,,0,,0,0,,,,0,,,0:03:47,0:31:25,0:10:24,0:36:54,,,,0:22:55,,
125C,1,4/14/2024 14:00,0,(9pi)/70,3,2+sqrt{13}/13,pi,4-Jan,4999,e^{5/4},14/9,,1,0,0,0,0,0,0,0,0,,0:01:07,0:05:16,0:08:47,0:45:49,0:46:25,0:45:45,0:46:45,0:47:02,0:47:48,
296C,0,4/14/2024 14:00,1,(4pi)/5,oo,2,0,25%,pi,85/16,8-Jan,72,0,0,0,0,0,0,0,0,0,0,0:03:56,0:22:47,0:28:26,0:34:49,0:46:13,0:49:44,0:49:39,0:49:21,0:29:16,0:49:35
261B,2,4/14/2024 14:00,0,pi/2,0,root 2 5 ,4 + pi^2/2,3-Jan,-0.1,16,21/64,-2024e^-2024+e^-2024,1,0,0,0,0,0,0,1,0,0,0:01:35,0:00:53,0:07:05,0:04:32,0:08:37,0:15:21,0:07:56,0:31:22,0:20:20,0:39:30
111C,0,4/14/2024 14:20,,2pi - 1/3,,2/sqrt(13),,,,,,,,0,,0,,,,,,,,0:08:46,,0:13:58,,,,,,
194B,3,4/14/2024 13:58,0,4/5pi,6-Jan,-1.333333333,0,4-Jan,infinity(divergent),16,arctan(25)/3,6.5,1,0,0,0,0,0,0,1,0,1,0:00:26,0:50:41,0:58:09,0:18:15,0:19:53,0:58:45,0:52:38,0:32:59,0:41:03,0:47:46
174C,3,4/14/2024 14:00,0,9pi/5,,sqrt(13)/13,,sqrtc/4-1/6,,16,,,1,1,,0,,0,,1,,,0:01:54,0:17:32,0:08:39,0:30:30,,0:49:40,,0:23:16,,
305C,3,4/14/2024 14:01,0,3*pi/10,3.5,(13+sqrt(13))/13,0,2-Jan,9,9,9,9,1,0,1,1,0,0,0,0,0,0,0:01:34,0:06:07,0:11:14,0:23:42,0:49:11,0:48:04,0:35:16,0:43:01,0:43:01,0:35:07
204C,0,4/14/2024 13:07,1,36,1,5-Mar,4,3-Feb,1,7,1,128,0,0,0,0,0,0,0,0,0,0,0:23:01,0:45:41,0:45:47,0:23:00,0:45:56,0:21:22,0:45:58,0:46:02,0:46:03,0:49:28
004B,1,4/14/2024 13:58,0,,,,,,,,,,1,,,,,,,,,,0:13:31,,,0:33:12,,,,0:33:13,,
065D,1,4/14/2024 13:57,0,2.513,0,-2,,,-0.118,1.6875,1.206,7.88,1,0,0,0,,,0,0,0,0,0:29:36,0:49:40,0:49:47,0:50:12,,,0:50:32,0:50:53,0:51:07,0:57:37
008C,1,4/14/2024 14:00,0,3/10 pi,0,2,0,2-Jan,2-Jan,,1,1+sqrte,1,0,0,0,0,0,0,,0,0,0:00:39,0:05:27,0:48:05,0:37:30,0:49:22,0:49:27,0:45:08,,0:44:50,0:44:39
252A,1,4/14/2024 13:04,0,(4pi)/5,,#NAME?,,,,,,,1,0,,0,,,,,,,0:01:56,0:06:21,,0:09:02,0:09:04,,0:39:59,0:41:55,,
119A,1,4/14/2024 13:04,0,pi/2,\e,1,1,1,1,1,1,1,1,0,0,0,0,0,0,0,0,0,0:01:48,0:49:36,0:40:08,0:35:14,0:35:16,0:35:17,0:35:18,0:35:19,0:35:21,0:35:26
119B,2,4/14/2024 13:04,0,3pi/10 ,4,1/sqrt(13)+1,pi^2/4,,,,,,1,0,0,0,1,,,,,,0:16:03,0:07:28,0:07:35,0:16:09,0:42:10,0:38:26,,,,
063E,1,4/14/2024 13:04,0,\frac{3\pi}{10},0,2,1,\frac{1}{5},0,\frac{625}{256},1000,,1,0,0,0,0,0,0,0,0,,0:03:29,0:24:11,0:49:02,0:49:04,0:49:12,0:49:36,0:14:01,0:49:46,0:49:50,
303C,3,4/14/2024 14:03,0,（8pi）/15,4,（7√13 +13）/13,2,12-Jan,0,16,,,1,0,0,0,0,1,0,1,,,0:02:46,0:08:43,0:34:17,0:30:15,0:48:03,0:11:36,0:38:11,0:15:48,,
252B,1,4/14/2024 13:58,0,4/5pi,0,4,2,4-Jan,#NAME?,42.9606,0,sqrtpi/2,1,0,0,0,0,0,0,0,0,0,0:12:56,0:13:17,0:42:06,0:17:52,0:18:34,0:38:47,0:20:44,0:25:52,0:37:20,0:30:25
296D,1,4/14/2024 14:00,0,5,154,-3,33,75,-2,38/14,0,4,1,0,0,0,0,0,0,0,0,0,0:00:42,0:05:37,0:05:44,0:05:51,0:06:03,0:06:13,0:06:20,0:06:39,0:06:45,0:06:48
243F,0,4/14/2024 14:00,2-Jan,pi4/5,0,2,5,2,9,3,4,666,0,0,0,0,0,0,0,0,0,0,0:10:54,0:28:48,0:37:17,0:47:07,0:47:23,0:47:26,0:47:33,0:36:17,0:32:16,0:48:01
313C,1,4/14/2024 13:04,0,0.3pi,6-Jan,3,3,3,-0.2,3,3,3,1,0,0,0,0,0,0,0,0,0,0:03:10,0:22:39,0:11:28,0:46:11,0:46:10,0:46:09,0:49:53,0:45:58,0:46:00,0:46:06
103B,2,4/14/2024 14:01,0,(3pi)/10,4,,,,,16,24139/20000,,1,0,0,,,,,1,0,,0:04:09,0:07:56,0:36:58,,,,,0:47:15,0:49:54,
249C,1,4/14/2024 13:58,0,10-Mar,0,√13-2√3+1,0,33.30%,0,95/16,1/512,1,1,0,0,0,0,0,0,0,0,0,0:00:16,0:00:21,0:00:48,0:33:47,0:36:59,0:57:17,0:56:54,0:16:09,0:26:25,0:55:22
261C,2,4/14/2024 14:00,0,pi/2,0,root 2 5,4(1+pi^2/8),3-Jan,-0.1,16,21/64,-2024e^-2024+e^-2024,1,0,0,0,0,0,0,1,0,0,0:01:22,0:02:36,0:04:12,0:05:59,0:07:20,0:19:38,0:24:42,0:27:54,0:24:39,0:37:26
118B,1,4/14/2024 14:02,0,(3pi)/10, ∞ ,2,,2-sqrt2,,29/5,,,1,0,0,0,,0,,0,,,0:07:32,0:14:03,0:05:33,0:26:39,,0:17:56,0:26:37,0:26:53,,
208D,0,4/14/2024 14:00,1,(4pi)/15,4,5-sqrt11,0,8-Jan,cos(pi/4+9999/2),37/16,2-Jan,4064200,0,0,0,0,0,0,0,0,0,0,0:00:39,0:05:09,0:05:13,0:14:00,0:14:03,0:24:55,0:40:34,0:36:40,0:35:09,0:41:31
076A,1,4/14/2024 13:58,0,frac{3pi}{10},infty,frac{sqrt19-sqrt7}{12},,,,,,,1,0,0,0,,,,,,,0:13:00,0:20:38,0:23:59,0:43:14,0:36:50,,,0:15:33,0:51:05,
138B,0,4/14/2024 14:01,2-Jan,3pi/10,0,4/sqrt(13),pi,6-Jan,0,125/16,0,0,0,0,0,0,0,0,0,0,0,0,0:03:47,0:12:45,0:36:22,0:18:09,0:19:14,0:42:35,0:33:12,0:32:55,0:33:04,0:33:02
152D,4,4/14/2024 14:00,0,(4pi)/5,3,(13+sqrt(13))/13,pi^2/4,sqrt2/12,,16,,55,1,0,0,1,1,0,,1,,0,0:01:55,0:08:58,0:10:31,0:15:55,0:19:20,0:25:25,0:31:50,0:43:44,0:49:45,0:46:28
194C,1,4/14/2024 14:01,0,3*pi/10,6-Jan,1,,0.125,125/489,,,,1,0,0,0,,0,0,,,,0:04:00,0:47:39,0:49:16,0:16:25,,0:49:36,0:49:44,,,
216C,1,4/14/2024 14:00,0,pi/4,0,1/(4sqrt(140-7/2sqrt7)),pi/6,2-Jan,0,125/64,123456,17,1,0,0,0,0,0,0,0,0,0,0:16:59,0:08:22,0:12:25,0:32:48,0:33:58,0:34:57,0:35:00,0:39:03,0:45:36,0:41:06
095C,0,4/14/2024 13:59,2-Jan,(3pi)/10,1,2,,,,,8-Jan,4,0,0,0,0,,,,,0,0,0:51:47,0:22:36,0:22:54,0:48:47,,,0:19:29,0:48:25,0:48:34,0:58:06
178B,3,4/14/2024 14:00,0,(9*pi)/5,4,1+(sqrt(13))/13,((pi)^2)/2,8-Jan,,,3-Apr,2024,1,1,0,1,0,0,,,0,0,0:01:12,0:05:06,0:12:31,0:27:23,0:36:44,0:49:37,,,0:42:52,0:49:49
290B,1,4/14/2024 14:00,0,(3pi)/10,4,sqrt(13)/13,1,2-Jan,5,35/4,4,79,1,0,0,0,0,0,0,0,0,0,0:01:29,0:03:47,0:44:21,0:29:50,0:40:10,0:33:20,0:44:43,0:40:06,0:44:46,0:48:53
026A,1,4/14/2024 13:10,0,(5pi)/3,4,1.5,,2,,36/25,,,1,0,0,0,,0,,0,,,0:15:10,0:12:54,0:47:47,0:41:27,0:46:41,0:46:36,0:47:56,0:43:36,,
204D,1,4/14/2024 14:00,0,3pi/2,1,1/sqrt(19)+1/sqrt(7),,,,,,3.5,1,0,0,0,,,,,,0,0:32:00,0:24:19,0:42:16,0:18:29,,,0:24:14,0:44:24,,0:31:58
269C,2,4/14/2024 13:59,0,3,3.5,,56,,0,,,,1,0,1,,0,,0,,,,0:46:48,0:53:45,0:46:55,,0:58:22,,0:52:11,,,
099E,2,4/14/2024 13:04,0,(3pi)/10,3-Feb,1/sqrt(13)+1,pi,,,841/36,,6.5,1,0,0,0,0,,,0,,1,0:06:06,0:09:17,0:11:11,0:47:08,0:49:11,,,0:47:04,,0:33:50
135B,1,4/14/2024 13:14,0,pi /6,0,sqrt2,7pi,16-May,2pi ,,120,15,1,0,0,0,0,0,0,,0,0,0:01:50,0:15:07,0:40:16,0:42:52,0:42:38,0:42:58,0:43:07,0:43:11,0:45:05,0:43:49
288B,1,4/14/2024 14:00,1,(3pi)/5,,(12+sqrt(12))/12,pi^2/4,,,,,,0,0,,0,1,,,,,,0:08:45,0:04:30,,0:15:56,0:40:31,,,,,
133D,2,4/14/2024 13:04,0,(3/10)pi,,2\sqrt13,,12-Jan,,,,,1,0,,0,,1,,,,,0:08:03,0:08:01,0:47:55,0:26:11,0:29:30,0:39:48,,,,
204E,1,4/14/2024 13:04,1,2pi,,1+sqrt13 /13,,,,,,,0,0,,1,,,,,,,0:31:23,0:48:05,0:49:15,0:40:18,0:46:36,,,,,
118C,0,4/14/2024 13:18,-1,(3pi)/10,infinity,2,pi,4-Jan,0,4-May,4-Jan,,0,0,0,0,0,0,0,0,0,,0:04:58,0:29:49,0:16:29,0:37:20,0:37:28,0:39:28,0:40:08,0:40:37,0:40:44,
131A,1,4/14/2024 14:00,0,,,,,,,,,,1,,,,,,,,,,0:02:17,,,,,,,,,
118D,1,4/14/2024 14:02,0,(3pi)/10,infty,2,-1.414213562,3-Feb,i'm just a girl,29/5,1,8-Jan,1,0,0,0,0,0,0,0,0,0,0:07:51,0:09:24,0:21:47,0:09:27,0:44:26,0:34:13,0:44:25,0:26:54,0:49:28,0:49:23
003C,2,4/14/2024 13:04,0,(3pi)/10,1, (8sqrt(383))/77,,4-Jan,0,16,,15.5,1,0,0,0,,0,0,1,,0,0:00:53,0:02:37,0:24:25,0:48:26,0:38:35,0:47:21,0:38:30,0:24:27,0:43:27,0:36:04
277D,6,4/14/2024 14:00,0,9/5 pi,2-Jul,1+sqrt(13)/13,pi^2/4,12-Jan,0,,,,1,1,1,1,1,1,0,,,,0:00:51,0:05:51,0:10:14,0:16:14,0:35:59,0:40:41,0:46:31,0:45:18,,
201B,1,4/14/2024 14:00,0,(8pi)/9,2-Jan,2/root2(3),pi/2,24-Jan,((root2 6 - root2 2)(2-pi))/8,1,2-Jan,3,1,0,0,0,0,0,0,0,0,0,0:02:59,0:04:59,0:10:42,0:13:50,0:43:25,0:33:06,0:47:37,0:31:20,0:48:33,0:48:49
342C,0,4/14/2024 14:00,1,(3*pi)/10,infty,5-sqrt17,pi,,1-pi(9999*pi+1/4)+C,,,,0,0,0,0,0,,0,,,,0:00:08,0:08:58,0:01:21,0:03:15,0:46:36,,0:39:01,,,
070A,0,4/14/2024 14:00,2,(27pi)/35,4,2-Jan,4,3-Feb,9999+sqrt2/2,25/9,2,12,0,0,0,0,0,0,0,0,0,0,0:28:23,0:29:53,0:11:25,0:31:49,0:34:53,0:23:35,0:39:46,0:49:21,0:45:29,0:45:11
341D,1,4/14/2024 14:02,0,3pi/10,12,24,24,24,24,24,24139/20000,24,1,0,0,0,0,0,0,0,0,0,0:02:56,0:08:39,0:40:32,0:40:03,0:39:57,0:40:37,0:40:46,0:40:49,0:39:51,0:40:51
269D,2,4/14/2024 13:57,0,pi/2,4,1,0,4-Mar,2/pi,16,0.5,2020,1,0,0,0,0,0,0,1,0,0,0:11:51,0:29:31,0:11:56,0:59:09,0:59:11,0:59:36,0:59:04,0:24:22,0:58:39,0:58:29
190C,0,4/14/2024 13:58,1,10-Mar,,-4,,(-3sqrt6+7)/6,,,,,0,0,,0,,0,,,,,0:28:33,0:28:30,0:30:11,0:21:49,,0:35:57,0:38:35,,0:21:24,
215B,2,4/14/2024 14:02,0,(9pi)/70,,,,12-May,,16,,,1,0,,,,0,,1,,,0:33:12,0:33:06,,,,0:32:30,0:35:02,0:49:49,,0:49:52
215C,1,4/14/2024 14:01,0,Sep-70,,"1,62",,12-May,,8,,,1,0,,0,,0,,0,,,0:39:59,0:40:08,,0:49:53,,0:40:23,,0:40:27,,
153C,2,4/14/2024 14:01,0,(3pi)/(10),0,(13+sqrt13)/13,0,2-Jan,2-Jan,72/25,1,25/6,1,0,0,1,0,0,0,0,0,0,0:00:56,0:05:39,0:48:43,0:23:56,0:48:09,0:45:43,0:46:25,0:47:42,0:47:47,0:47:59
344D,0,4/14/2024 14:00,1,3/10pi,4,2,,3-Jan,0,95/16,,,0,0,0,0,,0,0,0,,,0:03:58,0:13:14,0:25:51,0:45:03,,0:49:05,0:48:31,0:39:45,,
092B,1,4/14/2024 14:08,0,9pi/70,1,1,1,4-Jan,pi,95/16,1,2024,1,0,0,0,0,0,0,0,0,0,0:11:45,0:21:44,0:30:54,0:37:47,0:41:31,0:41:24,0:41:02,0:48:54,0:47:54,0:48:23
257D,0,4/14/2024 14:00,2-Jan,3/10pi,0,3,pi^2/2,,0,6.64525,4-May,0,0,0,0,0,0,,0,0,0,0,0:49:40,0:20:04,0:45:56,0:16:36,0:15:29,,0:49:22,0:43:20,0:17:49,0:26:30
296F,0,4/14/2024 14:00,1,pi/9,,1,,,,,,,0,0,,0,,,,,,,0:02:26,0:17:51,0:49:04,0:49:22,,,,,,
014A,1,4/14/2024 14:00,0,(3pi)/10,0,4,pi,2-Jan,2/pi,49/4,3-Apr,5,1,0,0,0,0,0,0,0,0,0,0:02:08,0:22:51,0:14:41,0:09:15,0:34:58,0:35:14,0:35:49,0:36:03,0:36:45,0:36:55
082E,2,4/14/2024 13:13,0,9pi/5,4,sqrt(2)-1/2,pi,17/32,,,196479,18,1,1,0,0,0,0,,,0,0,0:36:21,0:07:18,0:15:54,0:36:53,0:36:45,0:36:58,0:43:54,0:39:55,0:40:06,0:43:50
319B,1,4/14/2024 13:05,0,(4pi)/15,4,-1.333333333,123,-3,pi/4,(25e^3)/16,3-Apr,2027,1,0,0,0,0,0,0,0,0,0,0:05:07,0:21:56,0:21:43,0:47:06,0:49:31,0:49:44,0:47:39,0:48:41,0:49:26,0:49:29
084D,3,4/14/2024 14:00,0,(3\pi)/10,4,2,\pi^2/4,\sqrt2/24,2,4-Sep,log^2 3,3,1,0,0,0,1,0,0,0,1,0,0:04:22,0:24:07,0:46:48,0:44:20,0:49:36,0:37:55,0:36:26,0:32:45,0:24:20,0:44:53
036E,1,4/14/2024 13:04,0,3/2pi,3,,1,,,2,2,,1,0,0,,0,,,0,0,,0:02:15,0:48:54,0:27:02,0:49:00,0:47:04,0:48:19,0:49:14,0:49:24,0:49:56,
269E,2,4/14/2024 14:03,0,pi/2,4,2,0,2-Jan,-0.0415763,16,,,1,0,0,0,0,0,0,1,,,0:02:33,0:45:21,0:05:10,0:48:55,0:49:02,0:46:26,0:49:48,0:17:25,0:47:25,0:38:27
023B,4,4/14/2024 13:05,0,(3pi)/10,2-Jul,(13+sqrt13)/13,pi,5-Mar,0,16,2ln2,,1,0,1,1,0,0,0,1,0,,0:00:44,0:02:35,0:06:09,0:22:14,0:48:28,0:48:37,0:48:23,0:35:46,0:48:55,
269F,2,4/14/2024 14:00,0,pi/2,4,Pi,,2-Jan,-0.0415763,16,,,1,0,0,0,,0,0,1,,,0:05:44,0:43:11,0:09:44,0:49:58,,0:49:54,0:49:32,0:20:32,0:34:52,
131D,0,4/14/2024 14:01,3-Jan,18pi^2,8,3-Apr,78,24,12,45,10,8,0,0,0,0,0,0,0,0,0,0,0:02:43,0:00:26,0:03:09,0:06:56,0:11:10,0:11:17,0:11:20,0:11:28,0:11:32,0:11:36
062C,1,4/14/2024 14:01,0,1,4,2-Mar,1,,0,95/16,,,1,0,0,0,0,,0,0,,,0:09:30,0:49:45,0:16:24,0:49:36,0:49:53,,0:27:29,0:48:38,,
234B,1,4/14/2024 14:00,1,(4pi)/5,0,3-Feb,5,,,,(ln3)^2,2023,0,0,0,0,0,,,,1,0,0:07:57,0:45:19,0:49:14,0:42:29,0:49:19,,0:20:23,0:38:53,0:27:51,0:48:26
083B,1,4/14/2024 14:00,0,pi/6,4,(sqrt(13)+11)/12,2sqrt(2),5,-5,5,5,55,1,0,0,0,0,0,0,0,0,0,0:40:16,0:07:10,0:11:17,0:20:54,0:44:50,0:44:25,0:43:44,0:43:31,0:43:27,0:43:30
227B,3,4/14/2024 14:00,0,(9pi)/5,4,2,(pi^2)/4,2-Jan,pi/4,36/25,7,8,1,1,0,0,1,0,0,0,0,0,0:01:04,0:31:40,0:25:53,0:11:30,0:20:11,0:31:41,0:25:57,0:26:05,0:34:12,0:26:09
326B,1,4/14/2024 13:58,0,2,0,1.2,pi/2,5-Feb,0.9,35/16,5-Apr,4.19,1,0,0,0,0,0,0,0,0,0,0:11:52,0:41:33,0:42:54,0:41:53,0:42:34,0:43:07,0:49:31,0:53:37,0:54:08,0:38:12
246D,0,4/14/2024 14:00,1,4pi,1,,,,,,,,0,0,0,,,,,,,,0:47:37,0:49:56,0:37:40,,0:48:27,0:37:27,,,,0:41:41
173A,1,4/14/2024 13:04,0,(9pi)/70,3,1,0,4-Jan,,,,,1,0,0,0,0,0,,,,,0:25:55,0:08:15,0:17:36,0:44:16,0:44:20,0:44:29,,,,
308A,2,4/14/2024 14:00,0,12-Jan,2-Jul,1,π,1/1000,3π/4,49/36,200,2034,1,0,1,0,0,0,0,0,0,0,0:02:07,0:06:08,0:47:31,0:16:39,0:42:12,0:42:21,0:35:38,0:44:34,0:42:47,0:44:07
044D,2,4/14/2024 13:59,0,(3pi)/5,2-Jul,,,,0,,,,1,0,1,,,,0,,,,0:12:38,0:58:30,0:52:55,,,,0:52:52,,,
203B,2,4/14/2024 14:00,0,3pi/10,4,28^(1/2)/7,2.59,0.083175,0,1,,6.5,1,0,0,0,0,0,0,0,,1,0:00:33,0:08:30,0:10:08,0:11:44,0:13:45,0:13:56,0:16:34,0:19:16,,0:20:45
074C,4,4/14/2024 14:00,0,(3pi)/10,2-Jul,2-Jan,,9-Apr,pi/2,16,(ln3)^2,2-Jan,1,0,1,0,,0,0,1,1,0,0:01:39,0:33:35,0:19:06,0:37:52,,0:48:11,0:49:50,0:28:17,0:27:19,0:46:54
178C,1,4/14/2024 14:00,0,(3pi)/10,4,1/sqrt(2),1,1,1,4,e,24,1,0,0,0,0,0,0,0,0,0,0:38:05,0:15:56,0:29:11,0:44:59,0:39:27,0:38:47,0:38:46,0:38:27,0:38:21,0:38:24
083C,1,4/14/2024 13:04,0,(2pi)/3,4,(sqrt26-sqrt2)/21,0,sqrt5/5,pi/2,16-Sep,pi/12,2024,1,0,0,0,0,0,0,0,0,0,0:13:45,0:04:00,0:49:51,0:43:48,0:43:50,0:44:03,0:44:05,0:44:12,0:47:40,0:49:29
179D,2,4/14/2024 13:04,0,(3pi)/10,4-Sep,2-Mar,2,8-Mar,(sqrt2-2)/2,4-Sep,3,6.5,1,0,0,0,0,0,0,0,0,1,0:05:26,0:23:54,0:49:03,0:49:22,0:28:46,0:35:58,0:45:51,0:31:55,0:49:53,0:47:03
186C,1,4/14/2024 14:04,0,pi^2,0,-1,5,,3pisin(x),6,1,9,1,0,0,0,0,,0,0,0,0,0:07:20,0:45:18,0:10:54,0:49:49,0:49:51,0:47:31,0:47:23,0:47:28,0:39:08,0:39:16
282D,1,4/14/2024 14:00,0,0,0,2,0,4-Jan,1,1,1,1,1,0,0,0,0,0,0,0,0,0,0:01:55,0:35:52,0:35:51,0:35:46,0:35:55,0:36:03,0:36:07,0:36:09,0:36:11,0:36:12
227D,3,4/14/2024 14:00,0,2pi/15,0,#NAME?,pi,12-Jan,2-Jan,64/16,2-Mar,13/2,1,0,0,0,0,1,0,0,0,1,0:00:38,0:36:47,0:37:45,0:15:18,0:44:00,0:36:25,0:41:50,0:49:25,0:49:55,0:44:58
111E,2,4/14/2024 14:00,0,7,2-Jul,8,pi/5,9-Apr,pisqrt(2),12,2024,2024,1,0,1,0,0,0,0,0,0,0,0:00:37,0:38:15,0:37:20,0:38:23,0:49:27,0:45:37,0:38:09,0:24:14,0:37:29,0:37:26
233B,1,4/14/2024 13:04,0,pi/6,4,-0.4,2024,,2024,,,,1,0,0,0,0,,0,,,,0:47:00,0:09:13,0:04:56,0:44:56,0:49:44,,0:49:59,,,
252E,1,4/14/2024 14:00,0,(3pi)/10,4,5,,,,,,,1,0,0,0,,,,,,,0:01:09,0:10:49,0:04:30,0:34:01,0:48:02,,,,,
239D,1,4/14/2024 13:57,0,(3pi)/10,,,,,,,,,1,0,,,,,,,,,0:48:04,0:41:37,0:54:21,,0:57:42,,0:47:54,0:48:01,0:59:46,
147A,2,4/14/2024 14:00,0,(3pi)/10,4,sqrt(2),,,,16,,,1,0,0,0,,,,1,,,0:45:27,0:20:38,0:27:21,0:49:57,,,,0:26:55,,
322F,1,4/14/2024 14:00,0,(3pi)/10,4,sqrt13/13,5,6,2sqrt2,8,9,10,1,0,0,0,0,0,0,0,0,0,0:00:57,0:07:03,0:10:17,0:27:09,0:49:54,0:49:53,0:49:46,0:49:48,0:49:49,0:49:52
342F,1,4/14/2024 14:00,1,(3*pi)/10,infty,5-sqrt17,pi^2/4,0.79,1-pi(9999*pi+1/4)+C,,,,0,0,0,0,1,0,0,,,,0:00:17,0:00:27,0:00:40,0:00:44,0:49:27,0:00:51,0:37:49,,0:49:11,
069B,0,4/14/2024 13:44,infinity,27/160pi,,-0.5,4,,,407/48,infinity,7,0,0,,0,0,,,0,0,0,0:13:45,0:04:14,,0:01:50,0:12:53,,,0:09:43,0:05:36,0:05:01
228B,2,4/14/2024 13:04,0,(5pi)/3,\infty,1+(2sqrt10)/7,0,12-Jan,999/2,95/16,2-May,546,1,0,0,0,0,1,0,0,0,0,0:02:00,0:32:21,0:15:13,0:32:08,0:42:14,0:47:43,0:42:30,0:43:19,0:44:18,0:44:40
205F,3,4/14/2024 13:58,0,(3pi)/10,2-Jul,1+7sqrt7,(pi^2)/4,,,,,,1,0,1,0,1,,,,,,0:10:52,0:12:12,0:20:51,0:55:39,0:38:37,,0:37:11,,,
121D,4,4/14/2024 13:04,0,\frac{3\pi}{10},4,\frac{13+\sqrt(13)}{13},\pi^2/4,4-Jan,\pi,,1,6.5,1,0,0,1,1,0,0,,0,1,0:23:26,0:06:34,0:07:48,0:21:44,0:49:48,0:32:58,0:46:12,0:46:19,0:49:38,0:44:45
326C,2,4/14/2024 14:02,0,8pi/15,3,4,5,0,4999.5+pi/4,16,9,10,1,0,0,0,0,0,0,1,0,0,0:00:10,0:03:34,0:29:31,0:29:36,0:29:39,0:35:19,0:21:30,0:25:03,0:23:36,0:25:46
075D,1,4/14/2024 13:04,0,(3pi)/10,4,sqrt7+sqrt13 /26,pi^2/4 - 2,,sqrt2/2,,,,1,0,0,0,0,,0,,,,0:01:26,0:03:14,0:22:39,0:22:59,0:28:24,0:29:00,0:35:52,0:38:43,0:39:23,0:38:47
008D,2,4/14/2024 14:00,0,(9pi)/5,4,2sqrt2,0,0.5,0,25/16,3,8,1,1,0,0,0,0,0,0,0,0,0:09:43,0:22:53,0:40:13,0:49:49,0:41:20,0:41:13,0:40:20,0:40:37,0:40:42,0:40:53
332D,2,4/14/2024 14:00,0,3/10pi,2-Jul,1+sqrt33,4-Jan,4-Jan,sqrt2/2,,,,1,0,1,0,0,0,0,,,,0:01:52,0:03:42,0:21:08,0:28:31,0:42:55,0:42:57,0:49:44,,,
249D,1,4/14/2024 13:57,0,3 π /10,0,10 √ 7/ 2751 + 1 /786,-2,13-Mar,13pi,64/(9-36( ln 2 ) ^2)),3,5+7pi-e^2,1,0,0,0,0,0,0,0,0,0,0:00:49,0:16:57,0:19:14,0:28:13,0:33:29,0:56:28,0:59:49,0:56:07,0:57:32,0:59:41
318E,1,4/14/2024 13:05,0,(3pi)/10,,,,,,4,,,1,0,,,,,,0,,,0:08:51,0:45:29,,,,,,0:49:56,,
231E,6,4/14/2024 13:04,0,9pi/70,2-Jul,1+sqrt13/13,pi^2/4+2,12-Jan,{-4sqrt2}/99979997,16,20/9arctan(1/2)+8/15,13/2,1,0,1,1,0,1,0,1,0,1,0:36:07,0:36:10,0:37:23,0:39:42,0:45:14,0:16:55,0:21:06,0:32:26,0:35:06,0:35:07
194E,3,4/14/2024 14:00,0,(3pi)/10,4,sqrt(14)+sqrt(2),,,,16,ln^2(3),,1,0,0,0,,,,1,1,,0:01:50,0:11:07,0:11:37,0:43:26,,,0:49:03,0:30:45,0:30:20,
135D,2,4/14/2024 13:05,0,(4pi)/5,2-Jul,1-sqrt(13)/13,,,pi/2,,pi/2,,1,0,1,0,,,0,,0,,0:00:38,0:08:40,0:12:15,0:41:57,0:49:39,,0:49:54,0:49:44,0:49:49,
145C,0,4/14/2024 14:00,oo,4pi,0,2,4pi,sqrt2,1,,4-Jan,2023,0,0,0,0,0,0,0,,0,0,0:08:26,0:43:45,0:44:08,0:44:10,0:44:16,0:44:22,0:44:25,,0:44:30,0:46:37
276C,1,4/14/2024 14:00,0,pi/4,1,(13sqrt7-sqrt91)/42,1,,,95/16,17/30,,1,0,0,0,0,,,0,0,,0:02:03,0:28:44,0:37:11,0:19:34,0:20:38,0:28:32,0:41:16,0:25:15,0:48:43,
192C,1,4/14/2024 14:00,0,0,0,0,0,0,0.000169314,0,0,0,1,0,0,0,0,0,0,0,0,0,0:20:23,0:15:40,0:15:38,0:15:30,0:15:28,0:15:26,0:09:41,0:15:23,0:15:15,0:15:17
055C,2,4/14/2024 14:06,0,pi/2,4,,,,,16,,,1,0,0,,,,,1,,,0:13:14,0:17:50,0:04:09,,,,,0:15:54,,
195D,3,4/14/2024 13:05,0,3/10 pi,,1+\sqrt(13)/13,pi^2/4,12-May,,,,,1,0,,1,1,0,,,,,0:04:35,0:08:03,0:12:22,0:19:14,0:43:29,0:43:31,,,,
233C,0,4/14/2024 14:00,sqrt(pi)/2,2pi,4,,,,,,,,0,0,0,,,,,,,,0:07:59,0:15:19,0:38:52,,,,,,,
326D,1,4/14/2024 13:58,0,2-Jan,infinity,-2,3pi/2,4-Jan,2-Jan,2-Jan,2024,1,1,0,0,0,0,0,0,0,0,0,0:14:17,0:51:07,0:51:14,0:39:30,0:53:22,0:53:15,0:53:06,0:53:03,0:52:58,0:52:51
138D,1,4/14/2024 14:00,0,(6pi)/5,4,2-Mar,0,6-May,420,,,,1,0,0,0,0,0,0,,,,0:05:20,0:49:29,0:34:08,0:49:34,0:49:44,0:49:51,0:49:55,,,
178D,1,4/14/2024 13:57,0,pi/5,1/990,#NAME?,0,,,,,,1,0,0,0,0,,,,,,0:15:42,0:41:23,0:59:59,0:32:59,0:44:03,,,,,
257E,0,4/14/2024 14:00,2-Jan,3pi/10,4,3,pi^2/2,9-May,991/1000,6.64525,4-May,2-May,0,0,0,0,0,0,0,0,0,0,0:49:36,0:18:29,0:39:06,0:15:10,0:15:28,0:49:27,0:47:31,0:26:46,0:18:03,0:29:50
289D,0,4/14/2024 14:14,,,,,,,,,,,,,,,,,,,,,0:39:13,,,,,,,,,
034D,2,4/14/2024 13:12,0,3/10pi,2-Jul,1/sqrt(13)+1,0,,,2,,,1,0,1,0,0,,,0,,,0:01:18,0:05:27,0:39:32,0:29:35,0:29:35,,,0:38:51,,
049D,1,4/14/2024 13:04,0,Pi/2,\infty,,Pi/4-1,,,,ln(5/4)*arctan(1/4),,1,0,0,,0,,,,0,,0:25:50,0:28:22,0:23:23,0:23:24,0:34:54,0:34:54,,,0:47:17,0:47:18
177D,1,4/14/2024 14:02,0,5,0,4,0,0,0,0,0,0,1,0,0,0,0,0,0,0,0,0,0:08:13,0:06:19,0:07:37,0:09:16,0:49:40,0:49:40,0:49:39,0:49:38,0:49:37,0:49:36
055D,1,4/14/2024 13:59,0,pi/2,0,#NAME?,1−sin(1),P=4*(c)^(1/2) ​− 1/c,0,,1/3 *arctan(1/4),,1,0,0,0,0,0,0,,0,,0:12:39,0:13:57,0:17:41,0:18:48,0:19:49,0:23:46,0:26:52,0:55:55,0:32:32,
286D,1,4/14/2024 13:04,0,2pi,,,,,,,,,1,0,,,,,,,,,0:01:56,0:07:39,0:35:18,,,,,,,
014B,1,4/14/2024 14:02,0,0.942,0,-2,2-Jan,5-Mar,2,95/16,4,7,1,0,0,0,0,0,0,0,0,0,0:00:45,0:05:42,0:08:44,0:22:56,0:22:50,0:22:45,0:22:38,0:15:30,0:25:15,0:23:00
190D,0,4/14/2024 14:00,2-Jan,(3pi)/10,0,sqrt(2),0,sqrt2/2,sqrt2/2,16-Jul,3-Apr,2023,0,0,0,0,0,0,0,0,0,0,0:16:26,0:08:42,0:29:54,0:21:17,0:30:24,0:30:40,0:31:48,0:34:47,0:35:13,0:35:59
236F,3,4/14/2024 14:00,0,43/30 pi,1,sqrt13/13 + 1,,,,,(ln(3))^2,,1,0,0,1,,,,,1,,0:03:12,0:41:01,0:09:28,0:47:57,0:49:27,0:48:03,0:49:11,0:49:13,0:31:19,
273F,2,4/14/2024 14:00,0,2-Jan,9/5pi,2-May,0,sqrt2/4,(2sqrt2)/((10^4-1)^2-2sqrt2),16,3/4(log3-2log2),13-Feb,1,0,0,0,0,0,0,1,0,0,0:08:43,0:08:46,0:08:57,0:48:53,0:49:28,0:48:40,0:18:58,0:06:59,0:48:10,0:14:34
215D,1,4/14/2024 14:02,0,14.13/70,47,3.4,0.7,12-May,0.645,8,28,44,1,0,0,0,0,0,0,0,0,0,0:21:06,0:32:05,0:49:49,0:46:17,0:46:11,0:40:29,0:44:25,0:40:33,0:43:59,0:44:03
034E,1,4/14/2024 13:10,0,3/10pi,30-Jan,1+1/sqrt13,2.46,2,2,2,2,,1,0,0,0,0,0,0,0,0,,0:11:35,0:17:34,0:45:51,0:48:45,0:47:51,0:48:48,0:48:50,0:48:53,0:48:57,
253C,1,4/14/2024 13:04,0,3/10pi,4,2,2,0,128,4,254,100,1,0,0,0,0,0,0,0,0,0,0:30:04,0:33:04,0:37:37,0:48:21,0:41:48,0:49:19,0:37:40,0:37:46,0:37:54,0:49:51
190E,1,4/14/2024 13:57,0,3pi/10,0,2,6pi,11-Jul,pi/3,36/25,3-Apr,7,1,0,0,0,0,0,0,0,0,0,0:45:13,0:26:15,0:30:02,0:33:42,0:34:41,0:45:31,0:45:44,0:46:21,0:47:09,0:50:09
301C,2,4/14/2024 14:00,0,(2pi)/15,4,\sqrt(13)/13,pi^2/4,,9999,2-May,1,2025,1,0,0,0,1,,0,0,0,0,0:00:40,0:13:23,0:21:21,0:31:11,0:43:24,,0:49:58,0:49:32,0:49:46,0:49:41
307E,3,4/14/2024 14:00,0,3/10pi,,,pi^2/4,24-Jan,,16,5-Jun,,1,0,,,1,0,,1,0,,0:03:25,0:05:10,,,0:42:57,0:20:43,,0:13:57,0:11:52,
059D,0,4/14/2024 14:00,,3/10 pi,,,,,,,,,,0,,,,,,,,,0:11:10,0:11:15,,,,,,,,
326E,1,4/14/2024 13:57,0,3,3,3,3,3,3,3,3,3,1,0,0,0,0,0,0,0,0,0,0:11:50,0:59:34,0:59:36,0:59:38,0:59:39,0:59:41,0:59:44,0:59:45,0:59:47,0:59:48
265C,2,4/14/2024 13:05,0,(9pi)/5,32,,,,,,,,1,1,0,,,,,,,,0:05:35,0:10:10,0:26:07,,,,,,,
190F,1,4/14/2024 13:04,0,1.6*pi,1,sqrt 2/sqrt (-3+2*sqrt3),,4/3-1/(6c^(3/2)),,,,,1,0,0,0,,0,,,,,0:04:37,0:06:50,0:41:59,0:26:42,,0:43:01,,,,
246F,1,4/14/2024 14:00,0,1/3pi,#NAME?,3,11,Apr-35,2pi,4-May,296845,24,1,0,0,0,0,0,0,0,0,0,0:27:56,0:21:34,0:37:18,0:47:45,0:48:08,0:48:26,0:48:38,0:48:49,0:49:15,0:49:38
201E,0,4/14/2024 14:00,1,37,7,4,55,3,10,24,62,20,0,0,0,0,0,0,0,0,0,0,0:11:32,0:05:45,0:05:17,0:05:53,0:06:09,0:43:03,0:06:38,0:07:06,0:11:25,0:07:16
004F,1,4/14/2024 13:58,0,pi/3,0,root2(10)/2,0,2-Jan,(root2(2)*2)*(10^8-1),,ln(1/2)+1/2,,1,0,0,0,0,0,0,,0,,0:14:15,0:19:36,0:25:27,0:58:31,0:48:50,0:49:03,0:56:55,0:48:23,0:59:55,
124E,0,4/14/2024 14:00,1,Sep-70,4,3,0,,,,,2030,0,0,0,0,0,,,,,0,0:01:39,0:14:18,0:29:51,0:39:38,0:15:07,,,,,0:32:11
045B,1,4/14/2024 13:57,0,(3pi)/10,,1,,,,,,,1,0,,0,,,,,,,0:21:49,0:29:41,0:59:59,0:55:48,,,,,,
276E,2,4/14/2024 14:00,0,(3pi)/10,4,2,2,2,2,16,2,2,1,0,0,0,0,0,0,1,0,0,0:06:47,0:13:59,0:47:06,0:47:27,0:47:28,0:47:29,0:47:31,0:35:31,0:47:32,0:47:42
234D,2,4/14/2024 14:00,0,2pi,3-Aug,16-Jan,pi^2/4,5-Apr,18/23,125/64,23-Feb,1400,1,0,0,0,1,0,0,0,0,0,0:02:30,0:46:15,0:46:24,0:46:36,0:48:21,0:48:35,0:48:48,0:49:11,0:49:22,0:49:35
261D,2,4/14/2024 14:00,0,pi/2,0,root 2 5 ,4(1+pi^2/8),3-Jan,-0.1,16,21/64,251,1,0,0,0,0,0,0,1,0,0,0:48:40,0:02:31,0:06:59,0:04:24,0:07:34,0:27:56,0:24:18,0:31:55,0:28:08,0:28:01
208C,2,4/14/2024 14:04,2-Jan,9pi/5,,,,12-Jan,,,,,0,1,,,,1,,,,,0:04:52,0:11:58,,,,0:34:04,,,,
074D,4,4/14/2024 14:00,0,(3pi)/10,3.5,2,,pi/4,(1-sqrt2)/(10^4-1),16,(ln3)^2,esqrt(3),1,0,1,0,,0,0,1,1,0,0:04:23,0:19:26,0:38:55,0:49:50,,0:48:41,0:23:38,0:33:38,0:34:26,0:49:45
342G,0,4/14/2024 14:00,1,3/10pi,infty,5-sqrt17,pi,0.79, ,,,,0,0,0,0,0,0,,,,,0:00:19,0:00:28,0:00:43,0:00:53,0:43:43,0:00:57,0:28:53,,,
194G,1,4/14/2024 14:00,0,12,5-Feb,2-May,2,4-Mar,243,45/7,7,13,1,0,0,0,0,0,0,0,0,0,0:03:34,0:34:55,0:35:48,0:46:53,0:47:28,0:47:39,0:19:44,0:48:36,0:48:46,0:49:27
008E,0,4/14/2024 14:00,e,(9pi)/70,e^14,sqrt2,sqrt3/4,1/sqrt2,3sqrt2/2,95/16,1/256,3804,0,0,0,0,0,0,0,0,0,0,0:04:38,0:08:11,0:11:45,0:19:33,0:12:04,0:12:20,0:02:32,0:42:42,0:12:32,0:19:29
295E,0,4/14/2024 13:04,2,3-Feb,4-Jan,10,2,4,3,13,2,10,0,0,0,0,0,0,0,0,0,0,0:03:08,0:25:42,0:23:40,0:40:14,0:49:07,0:49:15,0:49:00,0:38:56,0:49:26,0:49:31
147C,1,4/14/2024 14:00,0,3*pi/10,4,5,0,7-Feb,(2sqrt2)/(5+10^8-2*10^4),16/25,,6,1,0,0,0,0,0,0,0,,0,0:00:29,0:04:25,0:35:14,0:49:47,0:26:16,0:37:23,0:15:13,0:36:40,,0:41:34
331E,1,4/14/2024 13:05,0,(3pi)/10,4,2sqrt3,,2-Jan,0,0,1,infty,1,0,0,0,,0,0,0,0,0,0:27:21,0:32:53,0:34:40,0:44:11,,0:46:32,0:45:36,0:49:18,0:10:15,0:49:29
307F,1,4/14/2024 14:03,0,1/6pi,4,13,,,,,,,1,0,0,0,,,,,,,0:03:01,0:29:26,0:13:12,0:39:18,,,,,,
187B,2,4/14/2024 14:00,0,pi,6,3,2pi,8-Mar,(9999sqrt(2)+2)/(2^(3/2)),16,12,4/sqrt(pi),1,0,0,0,0,0,0,1,0,0,0:01:32,0:32:26,0:34:12,0:48:38,0:45:42,0:39:13,0:46:25,0:36:57,0:39:07,0:44:15
010D,0,4/14/2024 14:00,2,(3pi)/10,,2,,,(4999pi)/2,,,,0,0,,0,,,0,,,,0:08:20,0:20:09,,0:27:35,,,0:41:59,0:41:15,0:41:14,
203C,2,4/14/2024 13:04,0,3π/10,4,2√7/7,2π/4,2-Jan,-0.4971,1,1.2069,6.5,1,0,0,0,0,0,0,0,0,1,0:03:02,0:13:11,0:09:37,0:21:37,0:49:36,0:27:42,0:45:20,0:25:26,0:36:42,0:40:21
044E,2,4/14/2024 13:04,0,3pi/5,4,1+sqrt13/13,2pi/3,Nov-96,99,64/25,96,2023,1,0,0,1,0,0,0,0,0,0,0:01:56,0:08:48,0:16:27,0:25:20,0:49:11,0:43:03,0:49:20,0:49:30,0:49:37,0:49:45
257B,0,4/14/2024 14:00,2-Jan,3pi/10,4,3,pi^2/2,9-May,991/1000,6.64525,4-May,2.5,0,0,0,0,0,0,0,0,0,0,0:49:39,0:23:19,0:39:07,0:23:21,0:27:24,0:31:11,0:46:54,0:27:04,0:29:33,0:30:35
249E,1,4/14/2024 14:00,0,(3pi)/10,0,"(2sqrt 13)/7	","3/2sqrt 2	",7-Jun,2pi,6,15/256,,1,0,0,0,0,0,0,0,0,,0:01:32,0:12:19,0:15:28,0:25:13,0:36:48,0:38:59,0:47:12,0:47:49,0:49:23,0:49:03
329D,2,4/14/2024 13:13,0,8/5π,8,-4,π平方/2,c,0,π/4,1.2,6.5,1,0,0,0,0,0,0,0,0,1,0:29:29,0:31:19,0:29:11,0:38:35,0:37:49,0:45:23,0:38:37,0:39:22,0:45:37,0:41:39
133G,2,4/14/2024 13:04,0,\frac{3π}{10},4,,π^2/2,12-Jan,\frac{2sqrt2}{99979997},,,,1,0,0,,0,1,0,,,,0:00:21,0:04:28,0:04:28,0:49:06,0:29:57,0:18:41,0:48:37,,,
277F,3,4/14/2024 13:04,0,(3pi)/10,0,(26+2sqrt(91))/13,(pi^2)/4,12-Jan,0,100,5-Jun,2,1,0,0,0,1,1,0,0,0,0,0:01:22,0:04:54,0:49:45,0:14:59,0:41:04,0:39:25,0:46:31,0:23:10,0:27:56,0:49:33
326F,1,4/14/2024 13:58,0,(3pi)/10,#NAME?,,,,,,,,1,0,0,,,,,,,,0:43:29,0:43:29,0:46:26,,,,,,,
204F,0,4/14/2024 13:58,1,,2,3-Feb,,ln(8)/(2sqrtc)+1/8,,5,,,0,,0,0,,0,,0,,,0:42:56,,0:54:21,0:57:58,0:49:05,0:59:52,0:57:26,0:59:57,0:23:14,0:53:07
014C,1,4/14/2024 13:04,0,\frac{3\pi}{20},infty,(2sqrt13)/13,,,,,,,1,0,0,0,,,,,,,0:01:00,0:03:35,0:12:58,0:13:08,0:26:51,0:40:45,,,,
061D,2,4/14/2024 13:05,0,3pi/10,oo,sqrt13/13 +1,pi,1-1/(4sqrt2),(2-pi)/39996,36/25,7-Jan,42,1,0,0,1,0,0,0,0,0,0,0:01:49,0:04:23,0:31:39,0:48:36,0:36:26,0:25:47,0:43:25,0:45:13,0:45:30,0:45:21
039F,1,4/14/2024 14:00,0,,,,,,,,,,1,,,,,,,,,,0:01:03,,,,,,0:04:47,,,
257C,1,4/14/2024 14:00,0,3pi/10,0,3,pi^2/2,79/80,0.711,6.64525,4-May,2.5,1,0,0,0,0,0,0,0,0,0,0:49:36,0:18:33,0:18:12,0:15:10,0:15:02,0:13:24,0:08:46,0:26:23,0:17:54,0:29:44
003E,1,4/14/2024 13:04,0,(3pi)/10,,,,,,,,,1,0,,,,,,,,,0:08:21,0:23:00,,,,,,,,
225F,2,4/14/2024 13:05,0,8/5pi,8,,pi^2/2,,0,pi/4,,6.5,1,0,0,,0,,0,0,,1,0:36:37,0:37:09,0:37:13,0:38:15,0:38:41,,0:46:19,0:48:02,0:49:19,0:49:14
342H,0,4/14/2024 13:04,1,(3*pi)/10,infty,5-sqrt17,,0.79,,,,,0,0,0,0,,0,,,,,0:01:49,0:34:15,0:22:05,0:47:20,0:42:45,0:48:27,,,,
095D,1,4/14/2024 14:02,0,\frac{2pi}{5},,,,,,,,,1,0,,,,,,,,,0:03:02,0:05:05,0:06:42,,,,,,,
210G,1,4/14/2024 13:08,0,(3pi)/10,1,2/sqrt2,pi,sqrt(2)/2,#NAME?,95/16,2024,2024,1,0,0,0,0,0,0,0,0,0,0:30:44,0:28:18,0:18:45,0:42:05,0:41:35,0:38:42,0:37:21,0:23:10,0:41:18,0:39:52
327D,0,4/14/2024 14:00,,,10,14,,,,,18314,,,,0,0,,,,,0,,0:49:28,0:41:57,0:49:32,0:24:38,0:23:57,,0:44:57,,0:45:02,0:38:28
179E,1,4/14/2024 13:57,0,(4pi)/5,2-Jan,3-Apr,(pi^2)/2,8-Jan,(sqrt(2)-2)/2,4-May,12/(5pi),24,1,0,0,0,0,0,0,0,0,0,0:12:37,0:25:40,0:21:46,0:18:41,0:30:10,0:33:55,0:52:26,0:57:26,0:57:54,0:58:36
326G,1,4/14/2024 14:00,0,34,0,3.5,69,45,,"0.5, 2",50,2-Jan,1,0,0,0,0,0,,0,0,0,0:08:20,0:49:56,0:49:54,0:49:52,0:49:47,0:49:43,,0:49:33,0:49:41,0:35:16
055E,1,4/14/2024 14:00,0,(3pi)/10,0,2,pi/2,1,(-2 × √(2)) ÷ (10^4 - 1),3.47005,pi/3,4098579,1,0,0,0,0,0,0,0,0,0,0:04:32,0:05:04,0:10:14,0:14:35,0:24:15,0:23:23,0:47:55,0:32:57,0:35:20,0:42:00
134F,1,4/14/2024 13:04,0,pi3/10,2024,-1+2/{2-sqrt13-1},1,1/pi,,1,,2024,1,0,0,0,0,0,,0,,0,0:01:09,0:04:50,0:49:51,0:39:10,0:49:45,0:49:40,,0:49:58,,0:49:55
336E,0,4/14/2024 13:58,infty,(3pi)/10,0,,,,,,,,0,0,0,,,,,,,,0:32:29,0:34:53,0:37:03,,,,,,,
117B,3,4/14/2024 14:00,0,3/4 pi,2-Jul,1,pi^2/4,,pi,12-Jan,e,23,1,0,1,0,1,,0,0,0,0,0:02:11,0:20:59,0:40:22,0:45:16,0:40:45,0:47:38,0:47:27,0:26:44,0:47:12,0:47:20
054E,3,4/14/2024 14:00,0,2pi,4,2+2/sqrt13,,12-Jan,Jan-97,16,1,,1,0,0,0,,1,0,1,0,,0:00:11,0:06:49,0:07:48,0:21:53,,0:32:21,0:38:29,0:46:31,0:49:05,
203D,3,4/14/2024 13:57,0,3pi/10,4,2root2 7 /7,pi^2/4,0.5,0,1,0,13/2,1,0,0,0,1,0,0,0,0,1,0:15:43,0:16:54,0:17:53,0:23:02,0:27:06,0:25:09,0:23:28,0:40:44,0:28:13,0:25:30
027D,1,4/14/2024 14:00,0,7/15pi,4,(sqrt17 + 1)/2,2024,2024,2024,2024,,2024,1,0,0,0,0,0,0,0,,0,0:34:56,0:45:04,0:13:40,0:31:31,0:49:33,0:49:35,0:49:39,0:49:41,,0:49:28
180F,1,4/14/2024 14:00,0,9/70 pi,∞,1/sqrt(2),pi/2,,#NAME?,,,7,1,0,0,0,0,,0,,,0,0:00:53,0:43:01,0:12:41,0:46:50,0:37:15,,0:42:12,,,0:36:57
273G,4,4/14/2024 14:00,0,9/5 pi,2-Jan,sqrt7/2 - 2sqrt7/sqrt13,0,0,(2\sqrt2)/(9999-2sqrt2),16,0,13/2,1,1,0,0,0,0,0,1,0,1,0:32:18,0:32:39,0:33:04,0:49:13,0:49:18,0:49:22,0:39:23,0:06:53,0:49:23,0:14:22
201F,0,4/14/2024 14:07,,,,,,,,,,,,,,,,,,,,,,,,,,,,,,
010E,0,4/14/2024 13:05,e,(2pi)/3,2-Jan,-(2sqrt13)/13-1,,,,,,,0,0,0,0,,,,,,,0:49:28,0:22:27,0:48:19,0:45:55,,,,,,
333E,2,4/14/2024 14:01,0,8/5π,8,,π^2/2,,0,π/4,1.2,6.5,1,0,0,,0,,0,0,0,1,0:14:27,0:14:47,0:14:53,0:15:26,0:15:31,,0:15:41,0:15:46,0:15:56,0:16:01
284G,1,4/14/2024 14:00,0,\frac{3pi}{10},\infty,\frac{1}{sqrt(3)}+1,pi,5-Mar,pi,100,pi,pi,1,0,0,0,0,0,0,0,0,0,0:00:39,0:04:28,0:21:09,0:31:11,0:46:35,0:46:32,0:46:26,0:44:49,0:46:40,0:46:41
189F,2,4/14/2024 14:01,0,(3pi)/10,0,12,1,3-Jan,(-2sqrt2)/99979997,95/16,100,10,1,0,0,0,0,0,1,0,0,0,0:08:38,0:11:19,0:40:02,0:38:40,0:44:29,0:49:51,0:33:01,0:44:27,0:49:20,0:48:31
227G,4,4/14/2024 13:04,0,9pi/5,2-Jul,(13-sqrt(13))/13,123,12-Jan,123,12,12,12,1,1,1,0,0,1,0,0,0,0,0:42:28,0:06:29,0:30:17,0:36:02,0:49:30,0:49:27,0:49:31,0:49:32,0:49:33,0:49:49
010F,0,4/14/2024 13:57,,,,\frac{\sqrt13-13}{13},,4-Jan,,\sqrt7-2,,,,,,0,,0,,0,,,0:11:43,0:13:27,,0:45:16,0:45:33,0:50:38,0:59:45,0:59:43,,
229D,1,4/14/2024 13:04,0,3pi/10,4,1-3(sqrt13)/13,,sqrtc/6,pi/8,12,16-Mar,14,1,0,0,0,,0,0,0,0,0,0:00:22,0:09:24,0:18:07,0:39:07,0:46:31,0:43:18,0:46:43,0:48:35,0:48:45,0:48:53
161F,1,4/14/2024 14:00,0,pi/3,,,pi^2/2 -4,,,49,,,1,0,,,0,,,0,,,0:04:21,0:49:03,,,0:44:42,0:49:16,0:49:54,0:34:24,0:49:23,
187C,1,4/14/2024 14:00,0,pi,,sqrt91/364,,,,,,,1,0,,0,,,,,,,0:21:15,0:06:07,0:49:49,0:25:37,,,,,,
215E,1,4/14/2024 14:01,0,9/70*pi,20,0,1,12-May,,8,,,1,0,0,0,0,0,,0,,,0:38:53,0:40:00,0:49:39,0:48:10,0:49:53,0:40:23,,0:40:25,,
217C,1,4/14/2024 13:58,0,2.513,3.503,-2,4.935,3-Feb,0.315,142.729,2.189,7.112,1,0,0,0,0,0,0,0,0,0,0:12:55,0:56:10,0:54:57,0:39:21,0:56:48,0:46:09,0:59:18,0:20:47,0:51:15,0:52:14
297C,1,4/14/2024 14:00,0,3/10pi,-0.016666667,4,,,,,,13,1,0,0,0,,,,,,0,0:08:12,0:12:26,0:13:54,0:23:59,,,0:13:46,,,0:24:00
215F,1,4/14/2024 14:01,0,9*pi/70,,,,12-May,,8,,,1,0,,,,0,,0,,,0:11:28,0:12:10,,,,0:45:18,,0:26:20,,
026C,1,4/14/2024 13:04,0,3-Jan,0,sqrt(13)/13-1,0,6-Jan,0,,,,1,0,0,0,0,0,0,,,,0:02:23,0:06:27,0:49:12,0:38:28,0:49:20,0:45:14,0:49:25,,,
215G,1,4/14/2024 14:01,0,9\pi/70,,2-Jan,,12-May,,,,,1,0,,0,,0,,,,,0:33:21,0:49:23,,0:49:42,,0:49:52,,,,
074E,4,4/14/2024 14:00,0,3pi/10,3.5,,,,,16,(ln3)^2,,1,0,1,,,,,1,1,,0:09:12,0:36:11,0:49:31,0:31:11,,,,0:32:08,0:31:03,0:46:25
303E,0,4/14/2024 13:04,1,pi/3,4,4,,,(-9999*(pi-2)*√2)/16,,,2-Jan,0,0,0,0,,,0,,,0,0:05:03,0:10:56,0:05:07,0:36:29,,,0:41:57,,,0:36:33
229E,0,4/14/2024 14:01,1,,,,,,,,,,0,,,,,,,,,,0:00:35,0:13:11,,,,,,,,
124F,2,4/14/2024 14:00,0,(3pi)/10,3.5,,,,0,,1,,1,0,1,,,,0,,0,,0:01:55,0:07:43,0:48:23,0:48:10,,,0:49:14,,0:48:26,
118H,1,4/14/2024 14:01,0,3/10pi,infty,2,,3-Feb,,,1,,1,0,0,0,,0,,,0,,0:08:15,0:14:10,0:26:43,0:26:25,0:45:34,0:33:51,0:40:17,0:46:36,0:46:46,
151G,1,4/14/2024 13:04,0,(2pi)/15,1,1 + sqrt91/91,,2-Jan,1,4-Sep,1,3,1,0,0,0,,0,0,0,0,0,0:44:51,0:38:06,0:38:09,0:15:43,0:49:22,0:47:26,0:47:21,0:47:15,0:46:35,0:46:41
282G,1,4/14/2024 14:01,0,pi/5,7,(8sqrt19 + 7sqrt13 - 14)/7,,,,,,,1,0,0,0,,,,,,,0:05:03,0:07:55,0:15:39,0:41:40,,,0:47:06,,,
333F,0,4/14/2024 14:00,1,(3pi)/10,,,,,,,,,0,0,,,,,,,,,0:02:17,0:10:31,,,,,,,,
136D,1,4/14/2024 14:00,0,3/10pi,,#NAME?,,,,,,,1,0,,0,,,,,,,0:01:42,0:06:46,0:41:25,0:36:54,0:48:18,,,,,
192H,0,4/14/2024 14:00,1,14pi/3,,4,,,5000,,,,0,0,,0,,,0,,,,0:30:14,0:16:49,0:21:10,0:37:10,,,0:14:42,,0:31:49,
029G,1,4/14/2024 14:00,0,(3pi)/10,4,#NAME?,,4-Jan,sqrt2/4,95/16,21,5,1,0,0,0,,0,0,0,0,0,0:39:11,0:05:37,0:24:47,0:29:35,,0:48:14,0:49:07,0:37:42,0:48:07,0:48:01
074F,4,4/14/2024 14:00,0,3pi/10,2-Jul,,,,,16,(ln3)^2,,1,0,1,,,,,1,1,,0:01:10,0:49:59,0:09:34,,,,,0:29:35,0:27:08,0:37:27
135E,1,4/14/2024 14:06,0,,,,,,,,,,1,,,,,,,,,,0:01:00,,,,,,,0:18:12,,
190G,1,4/14/2024 14:00,0,,3-Feb,,,,,,,,1,,0,,,,,,,,0:37:56,,0:23:53,,,,,0:44:49,,
319D,3,4/14/2024 14:00,0,pi/6,4,sqrt(13)/13-1/2,pi^2/4,(2sqrt(2)-1)/4,4-Jan,16,4,24,1,0,0,0,1,0,0,1,0,0,0:45:58,0:03:45,0:04:53,0:14:18,0:30:42,0:37:56,0:49:48,0:44:44,0:49:53,0:49:55
292E,1,4/14/2024 14:00,0,,1,-4+4sqrt2,,,,,,,1,,0,0,,,,,,,0:42:45,0:19:13,0:42:52,0:46:46,,,,,,
029H,2,4/14/2024 14:01,0,0.3pi,4,1+sqrt13/13,1,5-Feb,1,1,1,1,1,0,0,1,0,0,0,0,0,0,0:03:25,0:06:28,0:37:08,0:37:13,0:46:39,0:46:47,0:47:35,0:47:38,0:47:39,0:47:39
332E,1,4/14/2024 13:04,0,3/10pi,4,2,0,0,0,2,12,,1,0,0,0,0,0,0,0,0,,0:17:39,0:09:00,0:12:09,0:15:54,0:48:52,0:42:16,0:49:41,0:49:46,0:49:51,
247F,3,4/14/2024 14:01,0,3/10pi,3.5,,0,,,16,,,1,0,1,,0,,,1,,,0:19:05,0:24:34,0:26:23,,0:49:48,,,0:49:14,,
111F,3,4/14/2024 14:00,0,(3pi)/10,4,(13+sqrt13)/13,,12-Jan,0,,,,1,0,0,1,,1,0,,,,0:06:50,0:04:23,0:10:40,0:32:10,,0:41:36,0:47:56,,0:44:06,
168F,0,4/14/2024 13:41,,,,,,,,,,,,,,,,,,,,,,,,,,,,,,
316G,1,4/14/2024 13:58,0,3/10pi,4,2+sqrt13/13,2,12-May,sqrt2/2,100,2,4,1,0,0,0,0,0,0,0,0,0,0:43:59,0:24:29,0:51:57,0:18:20,0:59:25,0:40:36,0:57:22,0:58:42,0:56:34,0:59:06
022C,0,4/14/2024 14:02,,,,,,,,,,,,,,,,,,,,,,,,,,,,,,
187D,3,4/14/2024 13:04,0,9/5pi,0,1,pi/4,16-Jan,-0.1,75/8,ln^2(3),66,1,1,0,0,0,0,0,0,1,0,0:04:45,0:11:28,0:30:29,0:44:05,0:44:57,0:45:10,0:49:29,0:48:39,0:38:52,0:48:27
143F,3,4/14/2024 14:00,0,2,3,4,5,6,(-2sqrt2)/99979997,16,9,10,1,0,0,0,0,0,1,1,0,0,0:28:51,0:38:28,0:38:25,0:38:22,0:38:18,0:38:16,0:33:58,0:28:45,0:38:13,0:38:09
121G,0,4/14/2024 14:02,1,pi/2,0,sqrt10,\pi,3-Jan,0,19,4-Mar,,0,0,0,0,0,0,0,0,0,,0:06:55,0:07:49,0:17:26,0:18:13,0:43:28,0:49:57,0:26:07,0:37:40,0:43:03,
025E,2,4/14/2024 13:04,0,(3pi)/10,4,sqrt13-1,pi^2/4,8-Jul,0,125/64,2-Mar,2-Mar,1,0,0,0,1,0,0,0,0,0,0:01:25,0:03:17,0:06:00,0:41:56,0:28:08,0:49:34,0:46:17,0:49:46,0:46:09,0:46:16
008F,3,4/14/2024 14:00,0,(3pi)/10,4,,3,4-Jan,0,16,(ln(3))^2,10,1,0,0,,0,0,0,1,1,0,0:03:15,0:11:34,0:11:36,,0:49:58,0:49:56,0:49:48,0:22:22,0:40:24,0:49:43
331G,4,4/14/2024 13:04,sqrt(pi),(9pi)/5,1/e,(-13-sqrt13)/13,pi^2/4,12-Jan,2pi,16,e,256,0,1,0,0,1,1,0,1,0,0,0:48:37,0:04:56,0:49:28,0:21:41,0:29:10,0:35:03,0:49:20,0:46:04,0:46:31,0:46:43
245F,2,4/14/2024 13:04,0,9/5 pi,7-Jan,sqrt7+sqrt91/13,,,,,,,1,1,0,0,,,,,,,0:46:39,0:15:03,0:48:33,0:28:49,,,,,,
136F,1,4/14/2024 13:04,0,(3pi)/10,#NAME?,2,,,,3,23,5,1,0,0,0,,,,0,0,0,0:27:55,0:37:39,0:38:29,0:15:16,0:15:34,0:49:53,0:45:30,0:44:21,0:44:12,0:44:09
174E,1,4/14/2024 14:02,0,(2pi)/3,0,sqrt10/2,sqrt2,3-Jan,1,95/16,5-Jun,,1,0,0,0,0,0,0,0,0,,0:02:02,0:25:09,0:27:17,0:49:11,0:49:32,0:42:00,0:36:20,0:43:34,0:49:13,0:49:12
001F,1,4/14/2024 14:00,0,(3pi)/10,4,-sqrt(20-sqrt(7))/(40-2sqrt(7)),2,4,12pi,6-Jan,3,10,1,0,0,0,0,0,0,0,0,0,0:02:58,0:17:50,0:14:53,0:28:47,0:48:09,0:48:12,0:48:17,0:48:28,0:48:24,0:48:31
119D,0,4/14/2024 14:00,1,(2pi)/3,Jan-00,,0,,,,,,0,0,0,,0,,,,,,0:00:53,0:04:23,0:07:42,,0:11:02,,,,,
065E,1,4/14/2024 13:57,0,2.513,0,-2,0,0.05,-0.118,1.6875,1.206,0,1,0,0,0,0,0,0,0,0,0,0:49:37,0:49:42,0:49:48,0:49:51,0:49:54,0:50:01,0:50:30,0:50:54,0:50:58,0:51:15
099F,1,4/14/2024 13:58,0,4π/9,0,2-sqrt2,,,,,,,1,0,0,0,,,,,,,0:10:30,0:12:18,0:12:29,0:35:35,,,,,,
054F,1,4/14/2024 14:00,0,,4,-1,,1,2,,,,1,,0,0,,0,0,,,,0:02:28,,0:16:01,0:49:57,,0:49:58,0:49:59,,,
070E,0,4/14/2024 14:00,1,pi,0,4,#NAME?,4-Jan,sqrt2/2,16-Nov,16,11,0,0,0,0,0,0,0,0,0,0,0:04:29,0:03:02,0:06:19,0:06:43,0:49:19,0:28:53,0:20:30,0:31:40,0:33:11,0:44:01
180G,1,4/14/2024 13:59,0,(8pi)/5,0,(2sqrt3)/3,pi^2/4 + 2,2-Jan,2/3(1-sqrt2),,(2e)/5,,1,0,0,0,0,0,0,,0,,0:19:08,0:35:12,0:35:18,0:45:44,0:58:22,0:56:40,0:59:57,0:52:04,0:51:52,
023F,7,4/14/2024 13:04,0,(9pi)/5,3,(sqrt13 + 13)/13,pi^2/4,12-Jan,(10^4-1)/pi,16,pi^2/12,13/2,1,1,0,1,1,1,0,1,0,1,0:00:34,0:03:17,0:29:21,0:10:14,0:45:46,0:19:26,0:49:42,0:48:54,0:49:50,0:31:34
200G,1,4/14/2024 14:00,0,pi/5,1,3,7,1/ln3,pi/3+ln2,3-May,6-Jan,2,1,0,0,0,0,0,0,0,0,0,0:00:59,0:09:39,0:49:53,0:49:47,0:49:41,0:49:35,0:49:10,0:49:03,0:48:29,0:48:21
254G,0,4/14/2024 13:04,2x,2pi,,1,,,,,,,0,0,,0,,,,,,,0:01:30,0:46:08,,0:40:52,,,,,,
216D,0,4/14/2024 14:00,1,,2-Jan,3-sqrt(3),pi,5-Mar,24,95/16,1,2,0,,0,0,0,0,0,0,0,0,0:02:23,0:30:16,0:45:05,0:29:57,0:45:16,0:45:31,0:45:40,0:33:27,0:45:58,0:47:01
296G,0,4/14/2024 14:01,e^2,,,1,,,,,,,0,,,0,,,,,,,0:16:50,0:11:10,,0:07:30,0:11:02,,,,,
008G,1,4/14/2024 14:00,0,2pi/3,4,3,0,16-May,sqrt2/2,,3-Apr,10,1,0,0,0,0,0,0,,0,0,0:20:11,0:20:09,0:13:01,0:38:46,0:44:38,0:23:42,0:44:57,0:47:26,0:49:27,0:48:11
057E,1,4/14/2024 13:58,0,,0,2sqrt5,2,,,2,,,1,,0,0,0,,,0,,,0:58:45,0:58:47,0:58:50,0:58:40,0:59:08,,,0:59:11,,
336F,2,4/14/2024 13:57,0,3-Feb,0,sqrt(3),pi^2/4,4-Jan,,36/25,4-May,0,1,0,0,0,1,0,,0,0,0,0:11:49,0:16:20,0:18:16,0:32:23,0:32:26,0:57:17,0:51:46,0:48:50,0:43:50,0:57:28
333H,2,4/14/2024 13:04,0,4/5pi,#NAME?,1,2.48,133/681,0,16,1.21,pi/8+2log(2024)/log(10),1,0,0,0,0,0,0,1,0,0,0:07:56,0:16:27,0:20:45,0:25:33,0:43:30,0:49:06,0:31:01,0:32:49,0:42:11,0:45:33
156F,1,4/14/2024 14:00,0,,,2,,,,,,,1,,,0,,,,,,,0:09:49,0:30:51,,0:47:49,0:48:49,,,0:48:54,,0:43:48
231G,0,4/14/2024 14:00,1,(3pi)/10,-2,-0.816496581,1,sqrt2/7,2,1,1,1,0,0,0,0,0,0,0,0,0,0,0:49:21,0:04:01,0:27:14,0:44:02,0:47:14,0:47:27,0:47:32,0:47:33,0:47:36,0:47:41
069D,3,4/14/2024 14:09,0,(3 pi)/10,4,,e,4-Jan,−0.118470,16,ln^2(3),5,1,0,0,,0,0,0,1,1,0,0:03:53,0:07:07,0:20:17,,0:48:25,0:49:56,0:48:35,0:20:20,0:35:29,0:49:29
332F,2,4/14/2024 14:00,0,(9pi)/5,,,,,pi,,,,1,1,,,,,0,,,,0:03:20,0:11:39,,,,,0:42:35,,,
220F,1,4/14/2024 13:04,0,0.3pi,4,,,3-Jan,,49/16,,,1,0,0,,,0,,0,,,0:06:22,0:09:26,0:11:53,,,0:40:52,0:19:04,0:16:48,0:19:00,
014E,1,4/14/2024 14:00,0,pi/10,4,,,,,,,,1,0,0,,,,,,,,0:07:43,0:06:32,0:08:30,,,,,,,
317F,0,4/14/2024 13:08,1,29/70pi,DNE,3.5,87,,,,86,31,0,0,0,0,0,,,,0,0,0:25:13,0:08:13,0:13:50,0:25:12,0:25:26,0:27:37,,0:45:59,0:30:52,0:27:39
253D,1,4/14/2024 14:00,0,1/30pi,oo,sqrt7-2,pi,sqrt2/2,sqrt2/9999,115/16,1,5,1,0,0,0,0,0,0,0,0,0,0:06:44,0:11:20,0:12:49,0:19:12,0:46:19,0:39:44,0:34:41,0:41:27,0:42:54,0:43:46
065F,1,4/14/2024 14:01,0,1.0467,4,-3,2,2,-0.118,1183/512,1.206,0,1,0,0,0,0,0,0,0,0,0,0:07:46,0:37:48,0:38:11,0:38:44,0:39:22,0:42:51,0:40:00,0:45:50,0:47:05,0:48:00
099G,2,4/14/2024 14:00,0,4/15π,2-Jul,2-sqrt2,0,sqrt2/3,pi/3+1/3,36/25,114/1919,810/1919,1,0,1,0,0,0,0,0,0,0,0:00:29,0:16:25,0:27:24,0:33:37,0:47:58,0:48:34,0:48:45,0:49:04,0:49:39,0:49:37
229G,0,4/14/2024 14:01,1,3/10pi,3-Aug,\frac{2\sqrt7 + 2\sqrt13}{2\sqrt7+2\sqrt13-2}+1,\pi,,,,,,0,0,0,0,0,,,,,,0:00:11,0:03:01,0:49:54,0:35:20,0:39:04,0:23:53,0:39:01,0:01:02,0:25:12,0:49:52
010G,0,4/14/2024 13:04,30-Jan,(2pi)/3,0,3,0,0,sqrt2/2,4-May,15-Apr,2-Jul,0,0,0,0,0,0,0,0,0,0,0:23:28,0:11:55,0:44:43,0:30:18,0:45:22,0:49:13,0:48:39,0:48:45,0:43:34,0:49:07
210H,1,4/14/2024 14:00,0,(2pi)/3,4,1,pi^2,2024,1,17/12,2024,0,1,0,0,0,0,0,0,0,0,0,0:00:47,0:19:04,0:06:08,0:30:32,0:33:02,0:49:59,0:49:56,0:43:20,0:49:50,0:49:46
325H,0,4/14/2024 14:00,1,(3pi)/10,4-Mar,1,(pi-1)/2,11-Mar,2,17/4,2,2031,0,0,0,0,0,0,0,0,0,0,0:16:15,0:07:18,0:16:50,0:16:17,0:48:00,0:43:38,0:43:41,0:36:09,0:41:30,0:36:27
219D,1,4/14/2024 13:04,0,(6pi)/5,,,,,,,,,1,0,,,,,,,,,0:37:34,0:47:43,,,,,,,,
145E,1,4/14/2024 14:01,0,,oo,,,,,,,,1,,0,,,,,,,,0:01:02,,0:39:46,,,,,,,
234F,0,4/14/2024 13:58,1,(3pi)/10,,3,,2-Jan,2,23,1009,32,0,0,,0,,0,0,0,0,0,0:59:58,0:42:11,,0:58:07,,0:58:24,0:58:29,0:59:14,0:42:32,0:42:36
326H,1,4/14/2024 14:00,0,pi/3,3-Jan,4-Jan,5-Jan,6-Jan,7-Jan,2,2.1,0.1,1,0,0,0,0,0,0,0,0,0,0:02:30,0:07:21,0:44:29,0:44:33,0:44:36,0:44:41,0:44:45,0:49:57,0:44:23,0:47:09
164F,2,4/14/2024 13:04,0,23pi/15,4,2/sqrt7+1/sqrt19,pi^2/4,(c-1)/c,,55,89,69420,1,0,0,0,1,0,,0,0,0,0:04:54,0:08:16,0:09:59,0:16:02,0:28:36,0:31:47,,0:47:56,0:49:51,0:49:54
008H,2,4/14/2024 14:00,0,(3pi)/10,2-Jul,,2-May,16-Jul,sqrt(2)/2,sqrt(131/24),12pi,7,1,0,1,,0,0,0,0,0,0,0:01:06,0:05:33,0:21:12,,0:48:49,0:48:41,0:39:39,0:48:03,0:48:33,0:48:26
169E,1,4/14/2024 14:01,0,3-Jan,0,4sqrt3/3,pi^2/2,3-Jan,-2^{5/2}/99979997,,234567,,1,0,0,0,0,0,0,,0,,0:02:16,0:03:40,0:48:56,0:24:34,0:29:20,0:31:18,0:47:35,0:29:16,0:49:58,
233D,1,4/14/2024 13:57,0,,/720,sqrt,,,,,,,1,,0,0,,,,,,,0:38:18,,0:43:08,0:41:00,,,,,,
066E,2,4/14/2024 13:58,0,,2-Jul,4,0,4-Jan,#NAME?,3-May,6,e^10,1,,1,0,0,0,0,0,0,0,0:13:22,,0:28:21,0:35:35,0:49:09,0:49:17,0:49:06,0:49:48,0:49:58,0:56:58
169F,1,4/14/2024 14:00,0,4pi,4,4,,,1/(10^4-1)cos((10^4-1)/2)-2/(10^4-1),95/16,-ln(3/4)4/pi,,1,0,0,0,,,0,0,0,,0:06:23,0:18:37,0:49:02,0:17:18,,,0:09:45,0:14:53,0:45:56,
023H,6,4/14/2024 14:00,0,\frac{3pi}{10},2-Jul,2,pi^2/4,0,0,16,(ln3)^2,13/2,1,0,1,0,1,0,0,1,1,1,0:00:23,0:02:16,0:02:20,0:49:45,0:07:23,0:49:38,0:49:41,0:20:22,0:26:20,0:31:26
261E,2,4/14/2024 14:00,0,pi/2,0,root 2 5,4(1+pi^2/8),3-Jan,−0.108997067402,16,21/64,-2024e^-2024+e^-2024,1,0,0,0,0,0,0,1,0,0,0:01:24,0:01:18,0:03:52,0:04:55,0:07:50,0:19:56,0:42:35,0:28:54,0:20:01,0:38:30
054G,1,4/14/2024 13:05,0,{3pi}/2,2-Mar,1/sqrt13,5-Feb,,,,,,1,0,0,0,0,,,,,,0:00:58,0:04:58,0:08:46,0:35:32,0:24:46,,,,,
148E,1,4/14/2024 13:04,0,(3pi)/10,4,#NAME?,pi^2/2,8-Jan,4-Jan,36/25,pi,1,1,0,0,0,0,0,0,0,0,0,0:00:20,0:04:10,0:02:03,0:17:33,0:45:10,0:49:25,0:49:43,0:49:49,0:49:53,0:49:57
261F,2,4/14/2024 13:57,0,pi/2,0,root 2 5,4+pi^2/2,3-Jan,-0.1,16,21/64,-2024e^-2024+e^-2024,1,0,0,0,0,0,0,1,0,0,0:12:34,0:12:47,0:12:41,0:12:57,0:13:55,0:37:11,0:37:10,0:30:27,0:22:45,0:59:58
249F,1,4/14/2024 13:04,0,10-Mar,0,(6-3sqrt7)/(sqrt13-5),0,2-Jan,(√ 2 )/ 4 + 1 /2,95/16,40960,36,1,0,0,0,0,0,0,0,0,0,0:01:53,0:06:37,0:10:29,0:49:23,0:45:38,0:46:23,0:32:42,0:27:17,0:46:46,0:48:41
049E,0,4/14/2024 14:01,1,4pi/5,,-2,,,,,,,0,0,,0,,,,,,,0:01:57,0:26:44,,0:43:59,,,,,,
145F,1,4/14/2024 14:00,0,,,,,,,,,,1,,,,,,,,,,0:37:40,,,,,,,,0:43:31,
177G,1,4/14/2024 14:09,0,3pi/10,4,\frac1{\sqrt{7}+\sqrt{133}},pi/2,,,,,,1,0,0,0,0,,,,,,0:05:01,0:05:19,0:26:39,0:35:30,0:38:20,,0:38:08,,,
246A,1,4/14/2024 13:06,0,3/10 pi,4,,0,0,0,0,0,0,1,0,0,,0,0,0,0,0,0,0:43:21,0:05:02,0:30:42,,0:43:33,0:43:32,0:43:30,0:43:29,0:43:27,0:43:26
074G,4,4/14/2024 14:01,0,(3pi)/10,2-Jul,,,,,16,(ln3)^2,,1,0,1,,,,,1,1,,0:03:34,0:17:58,0:38:24,,,,0:35:59,0:32:00,0:33:16,0:35:57
318H,1,4/14/2024 13:59,0,(3pi)/10,4,2.4,1,23/67,36/100000,5-Apr,1,40,1,0,0,0,0,0,0,0,0,0,0:16:58,0:25:44,0:27:03,0:44:37,0:44:40,0:44:48,0:50:41,0:41:16,0:50:44,0:54:04
135F,1,4/14/2024 14:00,0,9pi/70,4,,53543543543534534534543333333333333333333333333333333333333333333333333333,4-Jan,2,12,1421,,1,0,0,,0,0,0,0,0,,0:04:48,0:07:23,0:07:25,,0:47:46,0:38:55,0:38:48,0:38:44,0:38:24,
025H,3,4/14/2024 14:00,0,pi/3,4,3,pi^2/4 + 2,12-Jan,,16,pi/4,,1,0,0,0,0,1,,1,0,,0:00:53,0:03:47,0:05:58,0:48:21,0:26:50,0:35:17,0:46:59,0:41:20,0:48:40,0:48:32
253F,2,4/14/2024 14:00,0,(3pi)/10,1,3,pi^2/4+2,8-Jul,,16,,,1,0,0,0,0,0,,1,,,0:31:36,0:02:41,0:11:20,0:09:39,0:46:24,0:38:09,,0:26:36,0:48:15,
074H,4,4/14/2024 14:00,0,(3pi)/10,2-Jul,(2sqrt2)/3,pi/2,,,16,(ln3)^2,,1,0,1,0,0,,,1,1,,0:09:31,0:33:35,0:39:14,0:49:14,0:49:39,0:47:02,0:49:48,0:42:08,0:29:52,0:36:30
336G,0,4/14/2024 13:04,2-Jan,3pi/10,,(13-sqrt13)/13,,,,,,,0,0,,0,,,,,,,0:08:48,0:08:54,0:09:07,0:33:44,,,,0:35:48,0:33:55,
226E,0,4/14/2024 14:00,1,pi,,,0,,,,,,0,0,,,0,,,,,,0:07:11,0:05:22,,,0:21:34,,,,,
283H,8,4/14/2024 13:04,0,(9pi)/5,2-Jul,1+sqrt(13)/13,pi^2/4,12-Jan,-4.0008E-08,49/4,ln(3)^2,13/2,1,1,1,1,1,1,0,0,1,1,0:00:54,0:03:37,0:13:14,0:17:59,0:20:33,0:27:21,0:35:17,0:46:21,0:49:36,0:41:50
112C,0,4/14/2024 14:00,1,(3pi)/10,-3,(8sqrt29)/29,,,,,,,0,0,0,0,,,,,,,0:20:01,0:15:12,0:22:13,0:34:31,,,,,,0:15:57
054H,1,4/14/2024 13:04,0,9pi/70,Jan-64,sqrt7/2,2-Jan,2-Jan,5000,841/36,2-Jan,8,1,0,0,0,0,0,0,0,0,0,0:06:17,0:37:03,0:49:53,0:49:31,0:49:23,0:31:07,0:49:15,0:45:52,0:47:09,0:48:37
332H,4,4/14/2024 13:05,0,{3\pi}/10,2-Jul,{13+sqrt13}/13,pi^2/4,1/e,#NAME?,,e/pi,e+pi,1,0,1,1,1,0,0,,0,0,0:07:11,0:04:46,0:18:11,0:46:27,0:47:11,0:49:25,0:49:35,0:49:38,0:49:42,0:49:48
178E,2,4/14/2024 14:01,0,9/5pi,4,4/sqrt13,,,,,,,1,1,0,0,,,,,,,0:01:47,0:45:44,0:10:07,0:29:32,,,,,,
069F,3,4/14/2024 14:01,0,(3pi)/10,4,5,3,10-Jun,,16,ln^2(3),,1,0,0,0,0,0,,1,1,,0:09:21,0:12:47,0:15:47,0:46:58,0:49:39,0:49:51,,0:46:55,0:44:47,
205G,3,4/14/2024 14:02,0,3pi/10,2-Jul,1+7sqrt7,pi^2/4,HARD,IDONTKNOW,1,.。。,？,1,0,1,0,1,0,0,0,0,0,0:03:05,0:48:44,0:42:41,0:48:04,0:34:19,0:49:04,0:49:02,0:43:35,0:48:52,0:46:09
119E,1,4/14/2024 13:04,0,pi/9,infty,1,2024pi,,,400,8,0,1,0,0,0,0,,,0,0,0,0:02:08,0:05:44,0:29:15,0:49:57,0:49:44,0:49:40,,0:49:32,0:49:48,0:49:54
169G,1,4/14/2024 14:01,0,pi/2,0,-1,4,1/(4sqrt(c)),0,159.72,1.21,,1,0,0,0,0,0,0,0,0,,0:28:47,0:22:59,0:25:39,0:43:55,0:43:50,0:46:07,0:49:58,0:43:32,0:44:58,0:45:01
137E,1,4/14/2024 13:04,0,3/10 pi ,0,1,0,,int_0^1 cos(pi/4 +10^4/2*arccos(x))dx ,4-May,3-Jan,10,1,0,0,0,0,,0,0,0,0,0:10:07,0:24:29,0:44:53,0:46:18,0:44:30,0:48:50,0:41:02,0:48:15,0:49:39,0:48:25
315E,1,4/14/2024 13:04,0,20-Mar,infty,sqrt2,0,2-Jan,0,625/256,7-Jun,7,1,0,0,0,0,0,0,0,0,0,0:48:54,0:08:09,0:16:17,0:30:56,0:36:09,0:33:20,0:45:03,0:39:59,0:39:43,0:39:38
205H,1,4/14/2024 13:04,0,4/5Π,,1,,4-Jan,,,,0.376,1,0,,0,,0,,,,0,0:04:56,0:10:48,,0:43:07,0:43:55,0:39:42,,,,0:48:46
208F,1,4/14/2024 14:00,0,3pi/10,,sqrt42/(3sqrt13),,0,,,,,1,0,,0,,0,,,,,0:43:26,0:14:43,,0:39:58,,0:49:24,,,,
053F,2,4/14/2024 14:00,0,(3pi)/10,\infty,2,pi^2/4,1-pi/(4sqrtc),#NAME?,49/16,0,2,1,0,0,0,1,0,0,0,0,0,0:01:49,0:08:41,0:12:10,0:11:32,0:14:56,0:16:57,0:47:52,0:24:08,0:27:51,0:14:59
226F,1,4/14/2024 14:00,0,pi/2,\infty,-2,pi,1/sqrt(c),(sqrt(2))/(10^4-1),pi,e^e,20,1,0,0,0,0,0,0,0,0,0,0:03:16,0:48:14,0:13:35,0:17:34,0:41:52,0:35:10,0:30:22,0:41:12,0:49:59,0:49:50
187G,1,4/14/2024 14:00,0,(3pi)/10,,,,,(2sqrt(2))/(99980005),,,,1,0,,,,,0,,,,0:06:55,0:34:33,,,,,0:34:54,,,
269H,2,4/14/2024 13:57,0,pi/2,4,1,1,1,1,16,1,1,1,0,0,0,0,0,0,1,0,0,0:47:37,0:47:46,0:47:56,0:57:01,0:57:02,0:57:04,0:57:08,0:48:58,0:57:11,0:58:32
261G,2,4/14/2024 14:00,0,pi/2,0,root 2(5),4*(1+(pi^2/8)),3-Jan,-0.12,16,21/64,2029,1,0,0,0,0,0,0,1,0,0,0:01:40,0:00:46,0:02:08,0:04:56,0:03:30,0:19:33,0:21:46,0:30:28,0:06:24,0:49:50
319E,1,4/14/2024 14:00,0,8pi/5,0,1/(sqrt13+1),pi^2,2-Jan,,10,4236433242546345,24,1,0,0,0,0,0,,0,0,0,0:00:30,0:08:29,0:45:11,0:21:38,0:33:47,0:34:01,0:41:22,0:41:50,0:42:04,0:42:06
191H,0,4/14/2024 14:00,e,72pi,4,(2sqrt7)/7,0,2-Jan,0,625/256,2024,120,0,0,0,0,0,0,0,0,0,0,0:30:53,0:29:07,0:32:30,0:32:34,0:32:39,0:32:51,0:32:59,0:33:07,0:33:16,0:35:14
220G,1,4/14/2024 14:00,0,(3pi)/10,1,1,2-Jan,3-Jan,sqrt2/2-1,2,5-Jun,3,1,0,0,0,0,0,0,0,0,0,0:01:57,0:33:44,0:46:50,0:11:30,0:47:26,0:41:31,0:18:27,0:49:14,0:31:32,0:24:20
313G,1,4/14/2024 13:06,0,.3pi,6-Jan,,,,-0.09,,,,1,0,0,,,,0,,,,0:00:38,0:27:43,0:03:12,,,,0:47:06,0:31:46,,
116H,1,4/14/2024 14:00,0,(3pi)/10,0,2/sqrt13,0,,,,,,1,0,0,0,0,,,,,,0:04:29,0:11:43,0:42:01,0:37:08,0:45:10,,0:45:14,,,
026E,0,4/14/2024 13:13,,,,,,,,,,,,,,,,,,,,,,,,,,,,,,
011D,1,4/14/2024 13:04,0,3/10pi,DNE,1+1/sqrt5,pi^2/2,,,85/16,,7,1,0,0,0,0,,,0,,0,0:09:55,0:04:32,0:29:26,0:45:27,0:39:32,0:49:35,0:47:18,0:32:53,0:48:30,0:48:27
190H,1,4/14/2024 14:00,0,3/10pi,0,2-sqrt2,6,4,pi/2,4,1/128,4,1,0,0,0,0,0,0,0,0,0,0:00:37,0:04:42,0:07:39,0:44:28,0:36:31,0:36:33,0:36:38,0:36:40,0:37:34,0:37:37
104F,4,4/14/2024 13:04,0,(3pi)/10,\infty,,,6-Jan,,16,(\ln 3)^2,(13)/2,1,0,0,,,0,,1,1,1,0:09:24,0:13:00,0:17:28,,,0:47:54,,0:32:01,0:41:48,0:24:18
275H,1,4/14/2024 13:57,0,pi/6,,1,pi^2/2,,2,16.33,1.2,2063,1,0,,0,0,,0,0,0,0,0:11:55,0:59:26,0:58:05,0:55:55,0:50:12,0:50:06,0:37:23,0:44:55,0:46:49,0:47:21
169H,1,4/14/2024 14:01,0,pi,0,1-sqrt3/3,0,0.25,,95/16,,,1,0,0,0,0,0,,0,,,0:00:53,0:03:04,0:08:53,0:47:59,0:13:35,0:49:17,,0:49:34,,
249G,1,4/14/2024 13:04,0,10-Mar,0,(6-3sqrt7)/(sqrt13-5),2pi,pi/2,(sqrt 2)/4 +1/2,95/16,4096,2024,1,0,0,0,0,0,0,0,0,0,0:00:35,0:04:24,0:09:23,0:44:33,0:45:15,0:45:59,0:48:05,0:48:53,0:48:00,0:47:31
261H,2,4/14/2024 14:00,0,pi/2,0,root 2 5,4(1+pi^2/8),3-Jan,-0.1,16,21/64,-2024e^-2024 + e^2024,1,0,0,0,0,0,0,1,0,0,0:01:24,0:02:35,0:22:33,0:22:37,0:23:02,0:23:05,0:23:12,0:49:48,0:23:23,0:49:59
014F,1,4/14/2024 14:00,0,(3pi)/10,0,#NAME?,50,4-Jan,1,6,100,10,1,0,0,0,0,0,0,0,0,0,0:01:29,0:08:08,0:26:29,0:48:22,0:39:32,0:39:50,0:39:53,0:42:20,0:48:32,0:49:57
099H,2,4/14/2024 13:57,0,3/10*π,4,5/4+sqrt2,1,1,1,49,1,6.5,1,0,0,0,0,0,0,0,0,1,0:12:55,0:56:49,0:59:34,0:32:57,0:57:00,0:57:01,0:57:03,0:41:26,0:57:04,0:53:46
080G,2,4/14/2024 13:04,0,(7pi)/10,0,(sqrt13+13)/13,4,4-Jan,1,1,2,5,1,0,0,1,0,0,0,0,0,0,0:00:48,0:08:14,0:12:50,0:32:02,0:48:50,0:48:12,0:48:24,0:48:32,0:48:39,0:48:44
178F,1,4/14/2024 14:00,0,0.3pi,,,,,,,,,1,0,,,,,,,,,0:06:43,0:11:49,,,,,,,,
125H,1,4/14/2024 14:00,0,,,,,,0,,1.5,,1,,,,,,0,,0,,0:16:06,0:16:03,,0:40:18,,,0:27:45,0:19:02,0:40:20,0:16:02
185G,2,4/14/2024 13:04,0,3pi/10,4,(13+sqrt13)/13,1,5-Feb,3sqrt2,95/16,12-Jan,24,1,0,0,1,0,0,0,0,0,0,0:01:59,0:05:46,0:30:34,0:37:36,0:30:48,0:31:25,0:41:47,0:48:50,0:49:06,0:49:23
247H,1,4/14/2024 14:00,0,3π/10,0,sqrt(2),0,25-Jan,-0.1,5,1.75,5,1,0,0,0,0,0,0,0,0,0,0:20:36,0:10:47,0:27:45,0:47:24,0:40:14,0:49:50,0:40:00,0:40:17,0:49:33,0:39:45
259G,0,4/14/2024 13:04,,,,,,,,,,,,,,,,,,,,,,,,,,,,,,
